__label__fake,https://tfc-taiwan.org.tw/articles/4025,「洋蔥不能和魚、蝦、海帶、蜂蜜一起吃...會消化不良、產生結石、導致眼睛失明」？
__label__fake,https://tfc-taiwan.org.tw/articles/4016,"內容農場文章宣稱「大藥廠打死也不願說的秘密 原來抗癌可以那麼便宜...檸檬是一個神奇的植物，可殺死癌細胞。功效10,000倍強於化療」？"
__label__undefined,https://tfc-taiwan.org.tw/articles/3975,「家中長輩失智症是腦部血流堵塞造成。多吃藍莓，12天讓腦袋活過來，可抗腫瘤，促進腦部血流量」？
__label__fake,https://tfc-taiwan.org.tw/articles/3968,「陳惠仁教授強調...熱苦瓜～只殺癌細胞！切２～３薄苦瓜片放在杯子裡， 加入熱水，會變鹼性水...苦瓜汁能調整高血壓」？
__label__fake,https://tfc-taiwan.org.tw/articles/3953,「楊梅是皮蛇（帶狀皰疹）的尅星...10分鐘驗完血後，女醫生確定是得了帶狀皰疹...吃了兩天的楊梅後，居然神經不痛康復了」？
__label__fake,https://tfc-taiwan.org.tw/articles/3928,「會浮在水面的麵是有加明礬的」、吃泡麵會得癌症、牙齒掉光、流產？
__label__fake,https://tfc-taiwan.org.tw/articles/3923,圖片宣稱「感染肺炎的可怕，3到7天就開始發燒，感染5天後你就成為帶菌者，7到14天就會發作，20天多你的肺就會變成第4期，太可怕了」？
__label__fake,https://tfc-taiwan.org.tw/articles/3917,「台大柯文哲醫師-生死的智慧，演講非常精采※空腹吃水果勝癌症」？
__label__fake,https://tfc-taiwan.org.tw/articles/3916,內容農場文章指出「全家篩檢女兒爸爸「都中大腸癌」！醫生警告香蕉和它（優酪乳）一起吃比「砒霜」還毒」？
__label__undefined,https://tfc-taiwan.org.tw/articles/3886,組合圖片宣稱「隱翅蟲，在你身上時絕對不要打，牠身上有毒液，接觸到皮膚，就死定了」？
__label__undefined,https://tfc-taiwan.org.tw/articles/3875,「辨識中風，讓我們記住S、T、R三步驟...如果（患者）舌頭『彎曲』或偏向一邊，那也是中風的徵兆。上面四個動作，患者如果有任何一個動作做不來，就要立刻撥999...」？
__label__fake,https://tfc-taiwan.org.tw/articles/3863,「舉手不是投降，是救命...噎到東西之處理方式，只要把雙手舉起來就對了...這個急救方法同時可以運用在腳抽筋...對心肌梗塞更管用」？
__label__undefined,https://tfc-taiwan.org.tw/articles/3862,「跑廁所比中風好...所需的水份補充 ⋯體重1公斤30cc ⋯體重60公斤～ 60×30=1800cc ⋯水份補充得夠-想中風也難」？
__label__fake,https://tfc-taiwan.org.tw/articles/3846,「燒傷 緊急處理...一名專為客戶噴灑草坪農藥的年輕男子...蒸氣點燃並吞噬了他...鄰居將蛋白塗抹在年輕人的臉上...」？
__label__undefined,https://tfc-taiwan.org.tw/articles/3829,「有朋友是護理師，她說台灣醫療用的（紗布）也快缺貨了！因為都是中國製，台灣各大醫院的庫存已經極限了...」？
__label__fake,https://tfc-taiwan.org.tw/articles/3822,「飲食清淡...長期缺少氯化鈉...在老年後無法思考，最後都成老人痴呆（失智症）」？
__label__fake,https://tfc-taiwan.org.tw/articles/3821,「舌頭運動有助於控制和預防失智症（老年癡呆症）」、「腦不萎縮，80不痴呆，只要一個『小動作（動舌頭）』」？
__label__fake,https://tfc-taiwan.org.tw/articles/3804,"影片宣稱「影片中的年輕人,就是LWKS患者...正常人不會帶著小刀去附近商店買東西...現今隨機殺人or傷人案件頻傳，大家要小心...」？"
__label__fake,https://tfc-taiwan.org.tw/articles/3795,「日本的諾貝爾醫學獎得主教授本庶佑（Tasuku Honjo）博士今天說，冠狀病毒不是天然的...我在中國武漢實驗室工作了4年...」？
__label__undefined,https://tfc-taiwan.org.tw/articles/3772,文章標題宣稱「母乳...血液變成乳汁」？
__label__fake,https://tfc-taiwan.org.tw/articles/3751,圖片宣稱「一位護士在摘掉口罩和眼鏡罩後，在紫外線下顯出臉上仍有殘留的病毒...」？
__label__undefined,https://tfc-taiwan.org.tw/articles/3721,「台大醫師團契訊息...重症新冠肺像 “SARS+AIDS”...免疫系統也幾乎全被摧毀...多器官衰竭是新冠病毒重要死亡原因...出院的病人可能會像B型肝炎病人一樣，長期帶病毒生存」？
__label__undefined,https://tfc-taiwan.org.tw/articles/3712,【事實釐清】影片宣稱「這部影片，是染新冠病患所進行安装呼吸器...， 看這過程感覺極度痛苦難受啊！」？
__label__fake,https://tfc-taiwan.org.tw/articles/3654,「之前有老虎確診...請小心遠離家中寵物貓狗及豢養的家禽...」？
__label__fake,https://tfc-taiwan.org.tw/articles/3647,「截至目前的統計數據，不丹還沒有人感染COVID-19。這證明素食主義對整個世界尤其是不丹王國的和平作出了巨大貢獻...」？
__label__fake,https://tfc-taiwan.org.tw/articles/3641,「請注意看這個很清楚很實用...乾咳+打噴嚏=空氣污染...乾咳+打噴嚏+身體疼痛+虛弱+高燒+呼吸困難=冠狀病毒」？
__label__fake,https://tfc-taiwan.org.tw/articles/3639,「來自以色列的信息表明：這種病毒他們並沒有造成任何死亡...在以色列，每個人都喝一杯加檸檬的熱水，這被證明可以殺死病毒」？
__label__fake,https://tfc-taiwan.org.tw/articles/3637,文章宣稱「南非牧師稱喝消毒水可防新冠，自己也喝，59名信徒口服滴露身亡」？
__label__fake,https://tfc-taiwan.org.tw/articles/3596,文章稱「石正麗凌晨發出警告：新冠病毒將透過蚊蟲傳播，變成蚊冠病毒」？
__label__undefined,https://tfc-taiwan.org.tw/articles/3586,【事實釐清】「一定要特別小心這次大降溫，千萬不能感冒...一發燒可能就不得不去醫院...完了就可能能被令隔離十四天...到了醫院就很容易被誤診...又有可能交叉感染...」？
__label__undefined,https://tfc-taiwan.org.tw/articles/3576,【事實釐清】影片宣稱「戴口罩很重要。冠狀病毒證實是空氣傳播」？
__label__fake,https://tfc-taiwan.org.tw/articles/3561,「我們醫生感染新冠狀病毒迅速康復，是因持續每天吸入熱水蒸氣，讓肺部、喉嚨和口腔溫度上升，讓病毒失去活力」？
__label__fake,https://tfc-taiwan.org.tw/articles/3557,「冠狀病毒的pH值在5.5到8.5之間變化...需要攝入更多高於上述pH值的鹼性食品...在您發現這些現象（症狀）時，請迅速將熱開水和檸檬一起喝。每天吃橙」？
__label__undefined,https://tfc-taiwan.org.tw/articles/3543,宣稱「世衛組織剛剛修改規則：冠狀病毒被證實氣溶膠傳播，在空氣中可存活8個小時。所以，要求每個人任何地方都得戴口罩...」？
__label__fake,https://tfc-taiwan.org.tw/articles/3540,「作者陳敏芳女士是台大醫學院院長董大成教授的長媳，定居美國西雅圖，分享感染新冠肺炎的個人經歷」？
__label__undefined,https://tfc-taiwan.org.tw/articles/3490,圖文「為什麼外面沒有人，也要你戴口罩，因為噴嚏液體速度是每秒35公尺，空氣中擴散8米，可懸浮24小時」？
__label__undefined,https://tfc-taiwan.org.tw/articles/3489,「昏倒在浴室...洗澡時不要先洗頭，理應先清洗身體其他部位..淋濕先從腳底開始..錯誤的沐浴方式，我們可能會中風或者偏頭痛」？
__label__fake,https://tfc-taiwan.org.tw/articles/3462,「這是留美醫學教授黃建中先生發到同學群的微信...這不是鼓吹靠自己來治療，而是用這些生活中的方法給自己贏得時間等待 」？
__label__fake,https://tfc-taiwan.org.tw/articles/3400,「翁啟惠轉史丹佛醫院董事會成員對新冠病毒的建議」?
__label__fake,https://tfc-taiwan.org.tw/articles/3382,「重要信息：新冠肺炎病毒是一種大病毒。 病毒的直徑為400-500微米...」？
__label__undefined,https://tfc-taiwan.org.tw/articles/3239,「這是每天 ＃COVID-19感染的情況，請大家注意...」？
__label__undefined,https://tfc-taiwan.org.tw/articles/3237,【事實釐清】「從斯堡教學醫院收到用生命代價換來的重要消息。如果你已經生病，堅決不要吃非類固醇類消炎藥進行止痛或者降溫...可能會會加重新冠肺炎病情！」？
__label__fake,https://tfc-taiwan.org.tw/articles/3219,「新冠肺炎預防配方 教化師姐說...㈠茶葉加苦瓜熬湯：有傳染到者需飲2500cc ㈡檸檬原汁加點塩，或加仙草，每日3200cc」？
__label__fake,https://tfc-taiwan.org.tw/articles/3218,「抗疫偏方，簡單神效 紅糖，生薑，大蔥白，大蒜（多放），熬水喝，疫情解除之前，每天喝，感染病毒的概率幾乎爲零」？
__label__fake,https://tfc-taiwan.org.tw/articles/3207,「冠狀病毒在抵達肺部前會停留在喉嚨四天...如果他喝大量的水，並且以溫水加鹽巴或醋來漱口，可以消除病毒」？
__label__fake,https://tfc-taiwan.org.tw/articles/3163,「太極米漿粥：來自桂林古本傷寒雜病論，靠白米就能重拾健康的本源療法」？
__label__undefined,https://tfc-taiwan.org.tw/articles/3115,「原來味噌比黑咖啡更醒腦防癌、抗輻射...味噌的5大好處...可排出人體輻射…幫助醒腦...改善酸性體質...抗老化...降低罹癌風險」？
__label__undefined,https://tfc-taiwan.org.tw/articles/3048,多家媒體報導「鍾南山：蓮蓬頭可能是播毒途徑 致鑽石公主號及香港國宅個案增加」、「鍾南山：蓮蓬頭與排氣管可能傳播新冠病毒」？
__label__fake,https://tfc-taiwan.org.tw/articles/2946,圖片搭配文字宣稱「這是中國一位醫生幫患者照X光。最後醫生因此吃素了」？
__label__fake,https://tfc-taiwan.org.tw/articles/2659,新聞台圖片「研究發現 吸食K它命 可治療武漢病毒」？
__label__fake,https://tfc-taiwan.org.tw/articles/2596,「喬建國是武漢大學中南醫院普外科醫生，他推薦用來治療新冠狀肺炎的方法：非常時期每天二兩白酒很可能有預防新冠狀肺炎的效果...」？
__label__fake,https://tfc-taiwan.org.tw/articles/2548,「鍾院士在確診病例中發現一個現象，一萬多個確診案例，竟然都是葷食者，而素食者都躲過了此劫」？
__label__undefined,https://tfc-taiwan.org.tw/articles/2547,【事實釐清】「今天開始10天，台灣正式進入武漢肺炎關鍵期。建議如下...」？
__label__fake,https://tfc-taiwan.org.tw/articles/2543,「剛才和我在美國做醫生的弟弟通電話，他告知...多喝水可促進自身粘膜組織液的分泌來抵抗（新冠肺炎）病毒」？
__label__fake,https://tfc-taiwan.org.tw/articles/2501,「由於NCP新型冠狀病毒，有0～24天的潛伏期...專家提供一方法讓你盡早知道自己肺部的狀況：最、最、最大深度地“吸氣”並且“屏氣”超過10秒以上...證明肺部沒有纖維化」？
__label__fake,https://tfc-taiwan.org.tw/articles/2499,「放置一顆沒有剝皮的洋蔥在房間裏...醫生觀察時真的在洋蔥上發現了流感病菌...洋蔥吸收了病菌，因此讓這家人保持健康。...洋蔥會因為病菌而在次日清晨變黑」？
__label__fake,https://tfc-taiwan.org.tw/articles/2477,「蘇聯護理醫師布林加索夫院士很早以前就提出過一種預防流感和急性呼吸道感染的方法。...用沾滿肥皂的手指從內到外仔細清洗鼻孔...肥皂就能殺死病毒」？
__label__fake,https://tfc-taiwan.org.tw/articles/2475,「山東蘭陵县146萬人，目前無一感染...分析原因:他们是大蒜种植区...蘭陵農田裡长势喜人，会散發出天然大蒜素殺菌，截断了感染」？
__label__fake,https://tfc-taiwan.org.tw/articles/2395,「我同學的嫡親外甥...在深圳醫院工作...剛剛來電讓我轉告訴朋友們：感冒時，如出現流鼻涕和咳痰者，就不可能是新型冠狀病毒肺炎...」？
__label__fake,https://tfc-taiwan.org.tw/articles/2394,「振興主任告知這次的武漢病毒並不耐熱在溫度26-27度的環境下就會被殺死。所以要多飲用熱水。可以轉告親朋好友們多喝熱水預防」？
__label__fake,https://tfc-taiwan.org.tw/articles/2392,「在緊急篩選抗冠狀病毒的藥物中...以尼古丁殺毒效果最佳」？
__label__fake,https://tfc-taiwan.org.tw/articles/1032,「木瓜是百藥之王，美國農業部公布，日後腫瘤的新治療方法」？
__label__fake,https://tfc-taiwan.org.tw/articles/999,「一個檸檬、二塊薑、三個大蒜、一瓶陳醋500c.c...吃上一個月後...發現血管乾乾淨淨，堵塞的地方已經全通了」？
__label__undefined,https://tfc-taiwan.org.tw/articles/948,【事實釐清】「膝蓋復健法...一秒學會跪膝復健，兩百萬人見證的不老伸展術」？
__label__fake,https://tfc-taiwan.org.tw/articles/857,內容農場文章「5歲男童老玩電子產品，導致黑眼珠逐漸消失」？
__label__fake,https://tfc-taiwan.org.tw/articles/847,「白醋泡腳可消除疲勞...治理灰指甲...增加血液循環...協調交感神經、副交感神經」？
__label__fake,https://tfc-taiwan.org.tw/articles/837,「葡萄屬於強鹼性食品...一位服務於公賣局台北啤酒廠的張先生...依照呂革令博士的建議，少吃酸性食物，多吃鹼性食物...發現腫瘤已呈現萎縮狀態」？
__label__undefined,https://tfc-taiwan.org.tw/articles/817,「青木瓜茶加椰子水可治痛風」？
__label__fake,https://tfc-taiwan.org.tw/articles/809,通訊軟體傳言「林靜芸簡介-1949年生於台中，是台灣第一位女性外科醫師...要告訴大家的是夜尿並非膀胱功能失常，而是心臟老化的問題... 」？
__label__fake,https://tfc-taiwan.org.tw/articles/796,「A型肝炎禍首竟然是青蔥？怪不得宜蘭人3成以上有肝病」？
__label__fake,https://tfc-taiwan.org.tw/articles/772,「台北馬偕醫院傳來訊息，好多人因為吃了生魚片，胃壁附著『海獸胃腺蟲』」？
__label__fake,https://tfc-taiwan.org.tw/articles/753,「美國已正式規定：65歲以上標準血壓150/90...70歲以上的人高血壓不能低於130，否則極易產生體位低血壓暈倒」？
__label__fake,https://tfc-taiwan.org.tw/articles/747,「蘑菇茄子一起吃會中毒」？
__label__undefined,https://tfc-taiwan.org.tw/articles/744,「吃冷的米飯能抗腸癌」？
__label__fake,https://tfc-taiwan.org.tw/articles/741,「這位馬來西亞華僑展示的運動，已經挽救病治愈成千上萬的心臟病患...」？
__label__fake,https://tfc-taiwan.org.tw/articles/734,「若心臟病發作，可以用深吸呼和用力咳嗽來自救」？
__label__fake,https://tfc-taiwan.org.tw/articles/724,「臺大皮膚科主治醫生讓皮膚過敏的人洗水晶肥皂，皮膚變健康」?
__label__fake,https://tfc-taiwan.org.tw/articles/715,「人在喝酒後，身體沒有肝區疼痛、食慾不振、臉色萎黃，表示肝功能還可以」？
__label__undefined,https://tfc-taiwan.org.tw/articles/655,【正確】媒體報導「荔枝毒素風暴未平 印度逾百孩童罹患腦炎喪命」？
__label__fake,https://tfc-taiwan.org.tw/articles/650,「兒茶素EGCG能殺死癌細胞、鞏固骨質不流失」？
__label__fake,https://tfc-taiwan.org.tw/articles/580,媒體報導「一張圖測視力！這4碼＝眼睛超健康」？
__label__fake,https://tfc-taiwan.org.tw/articles/550,媒體報導「果汁喝太多 早死機率多3成」？
__label__fake,https://tfc-taiwan.org.tw/articles/549,「癌病起因的答案：塑膠」？
__label__fake,https://tfc-taiwan.org.tw/articles/467,「正子攝影斷層...輻射量等同核彈」？
__label__undefined,https://tfc-taiwan.org.tw/articles/465,「過了保存期限就要丟掉？這 6 種食物還是可以吃」？
__label__fake,https://tfc-taiwan.org.tw/articles/446,「香蕉加冰糖，專門治咳嗽，10分鐘就搞定」？
__label__undefined,https://tfc-taiwan.org.tw/articles/431,【事實釐清】葉黃素是甚麼？對保護視力有幫助嗎？
__label__fake,https://tfc-taiwan.org.tw/articles/426,「生肉用水洗 易細菌感染恐致命」？
__label__undefined,https://tfc-taiwan.org.tw/articles/409,「雞蛋、水果、巧克力放冰箱？小心這六種食物『越冰越毒』」？
__label__fake,https://tfc-taiwan.org.tw/articles/391,「柯文哲：飯後喝涼水等於得癌症」？
__label__undefined,https://tfc-taiwan.org.tw/articles/382,媒體報導「心臟斷層掃描做一次 輻射量是核災區食品的8萬倍」？
__label__fake,https://tfc-taiwan.org.tw/articles/380,「90%的人不知道，吃這水果（香蕉），才能真正『預防中風』」？
__label__fake,https://tfc-taiwan.org.tw/articles/366,「醫管局發出通知，流感預防的方式，就是要保持喉嚨黏膜的濕潤，因此一定不要忍耐不喝水。喉嚨的黏膜乾燥，在10分鐘內病毒就能入侵體內...」？
__label__fake,https://tfc-taiwan.org.tw/articles/358,「動物的脖子是淋巴最多的地方，病毒都會在那兒。吃多了豬脖子肉，會破壞人的免疫系統，因為豬吃了太多的抗生素」？
__label__undefined,https://tfc-taiwan.org.tw/articles/357,媒體報導「過午別吃地瓜，養生地雷…地瓜有防癌功效、能有效防止鈣質流失、美化肌膚、防治內臟下垂……不過千萬要注意，最晚一定要在中午12點前吃完」？
__label__undefined,https://tfc-taiwan.org.tw/articles/356,「BBC將豬油評為10大最有營養的食物之一。…豬油可以清血管、治療肝炎...」？
__label__fake,https://tfc-taiwan.org.tw/articles/343,媒體報導「飯後馬上吃水果如慢性自殺」？
__label__undefined,https://tfc-taiwan.org.tw/articles/326,「炸了！致癌麥片風靡160多個國家？你吃的早餐，竟然危害這麼大」？
__label__fake,https://tfc-taiwan.org.tw/articles/315,「中國13名男女吃豬肉感染SK5病毒死亡」？
__label__fake,https://tfc-taiwan.org.tw/articles/307,「wifi不關原來危害那麼大！太可怕了啦！一項震驚整個科學界的實驗......」？
__label__fake,https://tfc-taiwan.org.tw/articles/305,「你的頭皮為什麼癢!? 是毛囊螨在作怪，矽油是它唯一的食物」？
__label__fake,https://tfc-taiwan.org.tw/articles/304,「吃完柿子千萬别喝優酪乳，也不能吃香蕉，會中毒。有個孩子還沒到醫院就往生了」？
__label__fake,https://tfc-taiwan.org.tw/articles/296,「癌症化療97%無效」？
__label__fake,https://tfc-taiwan.org.tw/articles/289,「非洲豬瘟也會感染牛羊，人類也難倖免」？
__label__undefined,https://tfc-taiwan.org.tw/articles/288,【正確】「大人口水髒，會透過親吻、餵食傳染皰疹給小孩」？
__label__fake,https://tfc-taiwan.org.tw/articles/276,「基改食品使動物三代絕種」?「紅色的牛蕃茄，基因是毒蠍子」？「甜玉米、紫地瓜也是基因改造食品」？
__label__fake,https://tfc-taiwan.org.tw/articles/199,政府同意向美國進口16.5億美元的大豆，都是基因改造大豆，美國人都不吃，牛馬羊牲畜吃的，賣給我們吃？
__label__undefined,https://tfc-taiwan.org.tw/articles/188,捐血一袋，害人一命？接受捐血可能暴露在愛滋病偽陰性結果而不慎感染？
__label__fake,https://tfc-taiwan.org.tw/articles/164,日本核電輻射汙染食品已在國內數家賣場販售，且食品標示為「K」即代表福島產品，可據此辨識產地？
__label__undefined,https://tfc-taiwan.org.tw/articles/106,踮腳可防中風、防癡呆、降血糖？
__label__undefined,https://news.everydayhealth.com.tw/2020/06/22/36068-%e3%80%8c%e6%96%b0%e4%b8%80%e4%bb%a3alk%e9%99%bd%e6%80%a7%e6%8a%91%e5%88%b6%e5%8a%91%e3%80%8d%e7%ac%ac%e4%b8%80%e7%b7%9a%e4%ba%94%e5%b9%b4%e5%ad%98%e6%b4%bb%e7%8e%87%e5%a4%a7%e7%aa%81%e7%a0%b4,「新一代ALK陽性抑制劑」第一線五年存活率大突破！
__label__undefined,https://news.everydayhealth.com.tw/2020/06/17/36042-%e9%80%86%e8%bd%89%e8%a1%80%e7%b3%96%e9%97%9c%e9%8d%b5-%e6%8e%a7%e7%b3%96%e6%ac%8a%e5%a8%81%e5%ae%8b%e6%99%8f%e4%bb%81%e9%86%ab%e5%b8%ab%ef%bc%9a%e9%99%8d%e4%bd%8e%e8%83%b0%e5%b3%b6%e7%b4%a0%e9%98%bb,逆轉血糖關鍵 控糖權威宋晏仁醫師：降低胰島素阻抗
__label__undefined,https://news.everydayhealth.com.tw/2020/06/15/36034-%e9%80%be5%e6%88%90%e5%8f%b0%e7%81%a3%e6%b0%91%e7%9c%be%e5%b0%8d%e6%84%9b%e6%bb%8b%e5%ad%98%e5%9c%a8%e8%b2%a0%e9%9d%a2%e8%a7%80%e6%84%9f-10%e5%88%86%e6%ad%a3%e5%90%91%e6%85%8b%e5%ba%a6,逾5成台灣民眾對愛滋存在負面觀感   10分正向態度支持分數台人僅有3.9分
__label__undefined,https://news.everydayhealth.com.tw/2020/06/15/36029-%e7%b3%96%e5%b0%bf%e7%97%85%e5%b9%b4%e8%bc%95%e5%8c%96%e6%88%90%e8%b6%a8%e5%8b%a2-%e6%b8%9b%e7%b3%96%e4%b8%8d%e5%86%8d%e6%98%af%e8%80%81%e4%ba%ba%e5%ae%b6%e7%9a%84%e4%ba%8b,糖尿病年輕化成趨勢 減糖不再是老人家的事
__label__undefined,https://news.everydayhealth.com.tw/2020/06/09/36021-%e4%b8%8d%e7%94%a8%e6%80%a5%e8%91%97%e5%9b%a4%e5%8f%a3%e7%bd%a9%ef%bc%81%e3%80%8a%e7%be%8e%e5%be%b7%e9%86%ab%e7%99%82%e9%9b%86%e5%9c%98%e3%80%8b%e6%8e%a8%e5%87%ba%e5%85%a8%e6%96%b0%e5%9e%8b%e6%85%8b,不用急著囤口罩！《美德醫療集團》推出全新型態「週拋型口罩」
__label__undefined,https://news.everydayhealth.com.tw/2020/06/02/36007-%e8%87%ba%e7%81%a3%e7%9a%ae%e8%86%9a%e7%a7%91%e9%86%ab%e5%ad%b8%e6%9c%83%e6%9c%80%e6%96%b02020%e7%95%b0%e4%bd%8d%e6%80%a7%e7%9a%ae%e8%86%9a%e7%82%8e%e6%b2%bb%e7%99%82%e5%85%b1%e8%ad%98%e5%87%ba,臺灣皮膚科醫學會最新2020異位性皮膚炎治療共識出爐
__label__undefined,https://news.everydayhealth.com.tw/2020/06/02/35994-%e5%86%b7%e6%b3%89%e6%b8%af%e7%94%9f%e6%8a%80%e9%98%b2%e7%96%ab%e5%89%b5%e6%96%b0%e6%8a%80%e8%a1%93-%e7%ad%96%e7%95%a5%e8%81%af%e7%9b%9f%e8%88%87%e4%b8%96%e7%95%8c%e7%88%ad%e9%8b%92,冷泉港生技防疫創新技術 策略聯盟與世界爭鋒
__label__undefined,https://news.everydayhealth.com.tw/2020/05/06/35936-%e7%82%ba%e4%bb%80%e9%ba%bc%e6%88%91%e7%9a%84%e7%97%a0%e7%97%9b%e4%b8%8d%e6%9c%83%e5%a5%bd%ef%bc%9f,為什麼我的痠痛不會好？
__label__undefined,https://news.everydayhealth.com.tw/2020/04/27/35889-%e9%98%b2%e7%96%ab%e6%9c%80%e6%96%b0%ef%bc%81snq%e6%a8%99%e7%ab%a02020%e7%ac%ac%e4%b8%80%e6%a2%af%e6%ac%a1%e9%80%9a%e9%81%8e%e5%90%8d%e5%96%ae%e5%87%ba%e7%88%90%ef%bc%81,防疫最新！SNQ標章2020第一梯次通過名單出爐！
__label__undefined,https://news.everydayhealth.com.tw/2020/04/22/35878-%e5%81%a5%e5%ba%b7%e9%a3%b2%e9%a3%9f%e5%b0%b1%e9%85%8d%e7%84%a1%e6%af%92%e9%a3%9f%e5%99%a8%e3%80%80%e5%a4%a7%e5%8f%a4%e9%90%b5%e5%99%a8%e8%bc%95%e9%87%8f%e9%91%84%e9%90%b5%e3%80%8c%e6%a8%82%e4%ba%ab,健康飲食就配無毒食器　大古鐵器輕量鑄鐵「樂享鍋」上市
__label__undefined,https://news.everydayhealth.com.tw/2020/04/22/35874-%e5%b0%8f%e5%bf%83%e5%b1%85%e5%ae%b6%e9%98%b2%e7%96%ab%e7%a0%b4%e5%8f%a3%ef%bc%81%e5%ae%b6%e4%b8%ad%e4%b8%89%e5%a4%a7%e9%98%b2%e7%96%ab%e6%ad%bb%e8%a7%92%e6%8f%ad%e7%a7%98,小心居家防疫破口！家中三大防疫死角揭秘
__label__undefined,https://news.everydayhealth.com.tw/2020/04/09/35819-%e5%85%8d%e7%96%ab%e7%b4%b0%e8%83%9e%e7%99%82%e6%b3%95%e5%86%8d%e5%82%b3%e5%88%a9%e5%a4%9a%ef%bc%81%e9%95%b7%e6%98%a5%e8%97%a4%e7%94%9f%e5%91%bd%e7%a7%91%e5%ad%b8%e8%88%87%e9%9b%99%e5%92%8c%e9%86%ab,免疫細胞療法再傳利多！長春藤生命科學與雙和醫院正式通過特管辦法
__label__undefined,https://news.everydayhealth.com.tw/2020/03/24/35761-%e3%80%90-%e9%a1%a7%e5%a5%bd%e8%80%b3%e9%bc%bb%e5%96%89%ef%bc%8c%e4%b8%8d%e6%80%95%e6%81%90%e6%80%96%e7%97%85%e6%af%92%e6%89%be%e4%b8%8a%e4%bd%a0-%e3%80%91,【 顧好耳鼻喉，不怕恐怖病毒找上你 】
__label__undefined,https://news.everydayhealth.com.tw/2020/03/19/35749-%e6%af%8f%e5%b9%b4700%e8%90%ac%e4%ba%ba%e6%ad%bb%e4%ba%a1%ef%bc%8c%e7%a9%ba%e6%b1%99%e5%be%ae%e7%b2%92%e6%81%90%e9%80%a0%e6%88%90%e7%99%8c%e7%97%87%e3%80%81%e5%bf%83%e8%a1%80%e7%ae%a1%e7%97%85,每年700萬人死亡，空汙微粒恐造成癌症、心血管病，家中需要奈米級防護！
__label__undefined,https://news.everydayhealth.com.tw/2020/03/18/35733-%e5%81%a5%e5%ba%b7%e9%98%b2%e7%96%ab-%e5%96%84%e7%9b%a1%e4%bc%81%e6%a5%ad%e4%b9%8b%e8%b2%ac-global-mall%e8%b4%8a%e5%8a%a9uba%e5%a4%a7%e5%b0%88%e7%b1%83%e7%90%83%e8%81%af%e8%b3%bd,健康防疫 善盡企業之責 Global Mall贊助UBA大專籃球聯賽
__label__undefined,https://news.everydayhealth.com.tw/2020/03/09/35691-%e6%ad%a6%e6%bc%a2%e8%82%ba%e7%82%8e%e6%9c%80%e6%96%b0%ef%bc%9a%e9%86%ab%e5%b8%ab%e8%ab%ae%e8%a9%a2%e9%9c%80%e6%b1%82%e7%88%86%e9%87%8f-%e7%b7%9a%e4%b8%8a%e5%b9%b3%e5%8f%b0%e5%b0%88%e6%a5%ad%e6%84%8f,武漢肺炎最新：醫師諮詢需求爆量 線上平台專業意見成主流
__label__undefined,https://news.everydayhealth.com.tw/2020/02/24/35664-%e7%b7%8a%e7%b9%83%e7%85%a9%e8%ba%81%e7%9d%a1%e4%b8%8d%e5%a5%bd%e6%9c%89%e8%a7%a3%ef%bc%81%e3%80%8c%e5%8a%a9%e7%9c%a0%e7%9b%8a%e7%94%9f%e8%8f%8c%e3%80%8d%e7%84%a1%e6%84%9f%e5%8f%af%e5%85%8d%e8%b2%bb,緊繃煩躁睡不好有解！「助眠益生菌」無感可免費退
__label__undefined,https://news.everydayhealth.com.tw/2020/02/20/35661-%e8%b3%80%e5%af%b6%e8%8a%99%e9%98%b2%e7%96%ab%e5%85%a8%e9%9d%a2%e5%8d%87%e7%b4%9a-%e5%9c%8b%e5%85%a7%e5%a4%96%e5%b0%88%e5%ae%b6%e5%85%8d%e8%b2%bb%e7%b7%9a%e4%b8%8a%e8%ac%9b%e5%ba%a7-%e5%85%8d,賀寶芙防疫全面升級 國內外專家免費線上講座  免疫抗疫全民動起來
__label__undefined,https://news.everydayhealth.com.tw/2020/02/17/35649-%e6%a1%83%e5%9c%92%e5%b8%82%e5%85%ac%e8%b2%bb%e6%b5%81%e6%84%9f%e7%96%ab%e8%8b%972%e6%9c%88%e5%ba%95%e5%8d%b3%e5%b0%87%e7%94%a8%e7%bd%84-%e6%8a%8a%e6%8f%a1%e6%a9%9f%e6%9c%83%e9%80%9f%e6%8e%a5%e7%a8%ae,桃園市公費流感疫苗2月底即將用罄 把握機會速接種
__label__undefined,https://news.everydayhealth.com.tw/2020/02/11/35636-%e5%85%8d%e7%96%ab%e5%8a%9b%e8%b6%8a%e9%ab%98%e8%b6%8a%e5%a5%bd%ef%bc%9f%e4%b8%ad%e9%86%ab%e6%8e%a8%e8%96%a6%e7%94%a86%e5%b9%b4%e6%a0%b9%e9%ab%98%e9%ba%97%e8%94%98%e8%aa%bf%e7%af%80%e9%81%94%e5%85%8d,免疫力越高越好？中醫推薦用6年根高麗蔘調節達免疫平衡才有效
__label__undefined,https://news.everydayhealth.com.tw/2020/02/05/35608-%e8%bf%bd%e5%8a%87%e7%aa%81%e7%84%b6%e5%96%ae%e8%80%b3%e5%a4%b1%e8%81%b0-%e9%86%ab%ef%bc%9a%e5%8f%8a%e6%99%82%e6%b2%bb%e7%99%82%e5%8f%af%e6%8c%bd%e6%95%91%e8%81%bd%e5%8a%9b,追劇突然單耳失聰  醫：及時治療可挽救聽力
__label__undefined,https://news.everydayhealth.com.tw/2019/12/30/35494-%e4%b8%ad%e9%86%ab%e7%9c%8b%e8%83%83%e9%a3%9f%e9%81%93%e9%80%86%e6%b5%81%ef%bc%9a%e7%95%b6%e8%83%83%e9%85%b8%e4%be%86%e8%a5%b2%e6%99%82%ef%bc%8c%e6%88%91%e8%a9%b2%e6%b3%a8%e6%84%8f%e7%94%9a%e9%ba%bc,中醫看胃食道逆流：當胃酸來襲時，我該注意甚麼？(曾子澄中醫師)
__label__undefined,https://news.everydayhealth.com.tw/2019/12/26/35489-%e5%8f%b0%e6%96%b0%e7%94%9f%e5%85%92%e5%8d%83%e5%88%86%e4%b9%8b%e5%85%ab-%e6%9c%89%e5%85%88%e5%bf%83%e7%97%85-%e5%bf%83%e5%be%8b%e4%b8%8d%e6%95%b4-%e8%bc%95%e5%bf%bd%e4%b8%8d%e5%be%97,台新生兒千分之八 有先心病  心律不整 輕忽不得
__label__undefined,https://news.everydayhealth.com.tw/2019/12/23/35468-%e8%83%83%e9%a3%9f%e9%81%93%e9%80%86%e6%b5%81%ef%bc%8c%e4%bd%a0%e8%83%b8%e5%8f%a3%e7%9a%84%e4%b8%80%e6%8a%8a%e7%81%ab-%e4%b8%ad%e9%86%ab%ef%bc%9a%e5%90%83%e4%b8%ad%e8%97%a5%e5%8f%af%e4%bb%a5%e6%a0%b9,胃食道逆流，你胸口的一把火  中醫：吃中藥可以根治(中醫師 曾子澄)
__label__undefined,https://news.everydayhealth.com.tw/2019/12/20/35449-%e5%8f%b0%e7%81%a35%e4%ba%ba%e5%b0%b1%e6%9c%891%e4%ba%ba%e7%9d%a1%e4%b8%8d%e5%a5%bd%ef%bc%81%e5%96%9d%e7%89%9b%e5%a5%b6%e3%80%81%e5%81%9a%e4%bc%b8%e5%b1%95%e9%82%84%e6%9c%89%e5%93%aa%e4%ba%9b,台灣5人就有1人睡不好！喝牛奶、做伸展…還有哪些方法能好睡？
__label__undefined,https://news.everydayhealth.com.tw/2019/12/20/35454-%e5%90%83%e7%94%9f%e9%ad%9a%e7%89%87%e6%9c%83%e5%90%9e%e9%80%b2%e5%af%84%e7%94%9f%e8%9f%b2%ef%bc%9f%e8%85%b8%e8%83%83%e7%a7%91%e9%86%ab%e5%b8%ab%e6%95%99%e4%bd%a0%e6%8a%91%e8%8f%8c%e9%81%bf%e9%9a%aa,吃生魚片會吞進寄生蟲？腸胃科醫師教你抑菌避險
__label__undefined,https://news.everydayhealth.com.tw/2019/12/10/35393-%e7%a0%b4%e5%84%84%e5%8b%9f%e8%b3%87%e5%a5%87%e8%b9%9f%ef%bc%81%e9%80%9a%e9%81%8e%e8%94%a1%e9%98%bf%e5%98%8e%e5%af%a6%e6%b8%ac%e8%80%83%e9%a9%97%e7%9a%84poiema%e7%a9%ba%e6%b0%a3%e6%b8%85%e6%b7%a8,破億募資奇蹟！通過蔡阿嘎實測考驗的POIEMA空氣清淨機
__label__undefined,https://news.everydayhealth.com.tw/2019/12/09/35364-%e7%b2%be%e6%ba%96%e5%81%a5%e5%ba%b7%e5%85%b1%e5%90%8c%e7%85%a7%e8%ad%b7%e5%9c%88-%e7%94%a8%e5%a4%a7%e6%95%b8%e6%93%9a%e5%b9%ab%e5%8a%a9%e7%b3%96%e5%8f%8b,精準健康共同照護圈 用大數據幫助糖友
__label__undefined,https://news.everydayhealth.com.tw/2019/12/06/35351-%e5%b0%be%e7%89%99%e6%8b%9a%e9%85%92%e6%97%ba%e5%ad%a3%e5%88%b0%ef%bc%81%e6%8a%97%e7%96%b2%e5%8b%9e%e7%ad%96%e7%95%a5%e6%83%b3%e5%a5%bd%e6%b2%92%ef%bc%9f%e7%94%a8%e9%80%99%e6%8b%9b%e6%93%ba%e8%84%ab,尾牙拚酒旺季到！抗疲勞策略想好沒？用這招擺脫甘苦人生
__label__undefined,https://news.everydayhealth.com.tw/2019/11/28/35322-%e4%bd%8e%e9%a0%ad%e6%97%8f%e7%94%a8%e7%9c%bc%e9%81%8e%e5%ba%a6%e7%9c%bc%e5%88%ba%e7%97%9b-%e7%95%b6%e5%bf%83%e4%b9%be%e7%9c%bc%e7%97%87%e7%99%bc%e4%bd%9c,低頭族用眼過度眼刺痛 當心乾眼症發作
__label__undefined,https://news.everydayhealth.com.tw/2019/11/18/35287-%e6%b2%92%e4%ba%8b%e5%a4%9a%e5%96%9d%e6%b0%b4%ef%bc%81%e3%80%8a%e6%a4%8d%e7%89%a9%e4%bf%9d%e5%a7%86%c2%b2%e3%80%8b%e6%a6%ae%e7%8d%b2-google-play-best-2019-%e6%9c%80%e4%bd%b3%e6%87%89%e7%94%a8%e7%a8%8b,沒事多喝水！《植物保姆²》榮獲 Google Play Best 2019 最佳應用程式提名
__label__undefined,https://news.everydayhealth.com.tw/2019/11/07/35256-2019%e8%84%8a%e6%a4%8e%e5%81%a5%e5%ba%b7%e8%b7%a8%e7%95%8c%e6%95%b4%e5%90%88%e5%9c%8b%e9%9a%9b%e9%ab%98%e5%b3%b0%e8%ab%96%e5%a3%87-%e8%ab%96%e5%89%8d%e5%b7%a1%e8%bf%b4%e6%bc%94%e8%ac%9b-part2,2019脊椎健康跨界整合國際高峰論壇 論前巡迴演講 PART2
__label__undefined,https://news.everydayhealth.com.tw/2019/11/01/35237-2019%e8%84%8a%e6%a4%8e%e5%81%a5%e5%ba%b7%e8%b7%a8%e7%95%8c%e6%95%b4%e5%90%88%e5%9c%8b%e9%9a%9b%e9%ab%98%e5%b3%b0%e8%ab%96%e5%a3%87-%e8%ab%96%e5%89%8d%e5%b7%a1%e8%bf%b4%e6%bc%94%e8%ac%9b,2019脊椎健康跨界整合國際高峰論壇 論前巡迴演講
__label__undefined,https://news.everydayhealth.com.tw/2019/10/29/35222-%e3%80%90%e7%87%9f%e9%a4%8a%e5%b8%abcouple%e9%a3%9f%e8%a8%98%e3%80%91-%e4%bd%a0%e5%8f%af%e8%83%bd%e4%b8%80%e8%bc%a9%e5%ad%90%e9%83%bd%e6%b2%92%e5%96%9d%e9%81%8e%e7%9a%84%e5%a5%b6-%e9%a7%b1%e9%a7%9d,【營養師Couple食記】 你可能一輩子都沒喝過的奶!  駱駝奶到底在國外夯什麼？
__label__undefined,https://news.everydayhealth.com.tw/2019/10/07/35144-%e5%a4%b1%e6%99%ba%e8%80%85%e5%a4%b1%e7%a6%81%e6%a9%9f%e7%8e%87%e6%98%af%e5%b8%b8%e4%ba%ba4%e5%80%8d%ef%bc%81%e6%8e%8c%e6%8f%a13%e5%8e%9f%e5%89%87%ef%bc%8c%e7%85%a7%e8%ad%b7%e6%9b%b4%e8%bc%95%e9%ac%86,失智者失禁機率是常人4倍！掌握3原則，照護更輕鬆
__label__undefined,https://news.everydayhealth.com.tw/2019/10/03/35140-%e9%9f%bf%e6%87%89%e4%b8%96%e7%95%8c%e8%a6%96%e8%a6%ba%e6%97%a5-%e7%9c%bc%e7%a7%91%e9%86%ab%e5%ad%b8%e6%9c%83%e8%88%87%e6%84%9b%e7%88%be%e5%ba%b7%e5%85%b1%e6%8e%a8%e8%ad%b7%e7%9c%bc%e3%80%8c%e6%87%82,響應世界視覺日 眼科醫學會與愛爾康共推護眼「懂看321」呼籲民眾遠離「惡視力」
__label__undefined,https://news.everydayhealth.com.tw/2019/09/27/35122-%e5%ae%a2%e5%bb%b3%e9%a9%9a%e8%a6%8b%e9%ac%bc%e5%bd%b1%ef%bc%9f%e5%8e%9f%e4%be%86%e6%98%af%e9%80%99%e9%a1%9e%e5%bf%83%e8%87%9f%e7%96%be%e7%97%85%e4%bd%9c%e7%a5%9f,客廳驚見鬼影？原來是這類心臟疾病作祟
__label__undefined,https://news.everydayhealth.com.tw/2019/09/23/35103-%e8%81%bd%e8%83%bd%e5%be%a9%e5%81%a5%e8%ae%93%e8%81%bd%e6%90%8d%e5%85%92%e9%80%b2%e8%ba%abyoutuber-%e6%af%8d%e6%84%9b%e5%ae%88%e8%ad%b7%e8%87%aa%e9%96%89%e5%85%92%e5%9c%93%e5%a4%a2%e9%80%b2,聽能復健讓聽損兒進身Youtuber  母愛守護自閉兒圓夢進職場
__label__undefined,https://news.everydayhealth.com.tw/2019/08/28/35024-%e6%9c%80%e4%bd%b3%e9%81%a9%e6%87%89%e5%8e%9f%e3%80%8c%e9%ab%98%e9%ba%97%e8%94%98%e3%80%8d-%e7%9a%82%e8%8b%b7%e7%a8%ae%e9%a1%9e%e6%9c%80%e5%a4%9a-%e5%a4%9a%e9%86%a3%e9%a1%9e%e5%90%ab%e9%87%8f%e6%9c%80,最佳適應原「高麗蔘」 皂苷種類最多 多醣類含量最高  你累了嗎?專家推薦隨時口含一片高麗蔘
__label__undefined,https://news.everydayhealth.com.tw/2019/08/19/34999-%e4%bf%9d%e8%ad%b7%e7%9c%bc%e7%9d%9b%e8%a9%b2%e5%90%83%e8%91%89%e9%bb%83%e7%b4%a0%e5%97%8e%ef%bc%9f%e7%9c%bc%e7%a7%91%e9%86%ab%e5%b8%ab%e6%95%99%e4%bd%a0%e9%80%99%e6%a8%a3%e5%b0%b1%e5%b0%8d%e4%ba%86,保護眼睛該吃葉黃素嗎？眼科醫師教你這樣就對了-專訪明明眼科診所黃偉成院長
__label__undefined,https://news.everydayhealth.com.tw/2019/08/12/34970-%e7%94%a8%e8%b2%bc%e7%9a%84%e8%99%8e%e6%a8%99%e8%90%ac%e9%87%91%e6%b2%b9-%e8%99%8e%e6%a8%99%e6%b0%b4%e6%80%a7%e9%8e%ae%e7%97%9b%e8%97%a5%e5%b8%83-%e5%85%a8%e6%96%b0%e4%b8%8a%e5%b8%82,用貼的虎標萬金油 虎標水性鎮痛藥布 全新上市
__label__undefined,https://news.everydayhealth.com.tw/2019/07/24/34921-%e5%88%a5%e8%ae%93%e7%99%8c%e7%97%87%e9%9d%a0%e8%bf%91%ef%bc%81%e3%80%80%e9%95%b7%e5%ba%9a%e6%96%b0%e6%8a%80%e8%a1%93%e8%ae%93%e8%84%82%e8%82%aa%e8%82%9d%e7%84%a1%e6%89%80%e9%81%81%e5%bd%a2,別讓癌症靠近！　長庚新技術讓脂肪肝無所遁形
__label__undefined,https://news.everydayhealth.com.tw/2019/07/10/34900-%e7%85%a7%e8%ad%b7%e7%81%b0%e6%8c%87%e7%94%b2%e6%96%b0%e9%81%b8%e6%93%87%ef%bc%9a2%e9%80%b1%e6%96%b0%e7%94%9f%e6%8c%87%e7%94%b2-%e5%85%89%e6%be%a4%e8%87%aa%e7%84%b6,照護灰指甲新選擇：2週新生指甲 光澤自然
__label__undefined,https://news.everydayhealth.com.tw/2019/06/24/34870-%e5%8f%b0%e7%81%a3%e9%a6%96%e4%bb%bd%e6%b3%8c%e5%b0%bf%e5%81%a5%e5%ba%b7%e5%a4%a7%e8%aa%bf%e6%9f%a5%e5%87%ba%e7%88%90-85%e6%b0%91%e7%9c%be%e5%b0%8d%e5%b0%bf%e5%a4%b1%e7%a6%81%e8%aa%8d%e7%9f%a5,台灣首份泌尿健康大調查出爐 85%民眾對尿失禁認知不足
__label__undefined,https://news.everydayhealth.com.tw/2019/05/16/34827-%e9%80%80%e5%8c%96%e6%80%a7%e9%97%9c%e7%af%80%e7%82%8e37%e6%ad%b2%e4%b8%8a%e8%ba%ab%e3%80%80%e5%9c%8b%e4%ba%ba%e5%81%a5%e5%ba%b7%e7%9f%a5%e8%ad%98%e5%8f%aa%e6%9c%89%e5%b9%bc%e5%b9%bc%e7%b4%9a,退化性關節炎37歲上身　國人健康知識只有幼幼級
__label__undefined,https://news.everydayhealth.com.tw/2019/05/14/34824-%e7%bc%ba%e4%b9%8f%e7%af%a9%e6%aa%a2%e8%a7%80%e5%bf%b5-%e7%95%b0%e6%80%a7%e6%88%80%e6%84%9b%e6%bb%8b%e5%bb%b6%e9%81%b2%e5%b0%b1%e8%a8%ba%e7%8e%87%e9%ab%98%ef%bc%81-%e5%85%a8%e5%8f%b0%e9%a6%96,缺乏篩檢觀念 異性戀愛滋延遲就診率高！  全台首場世紀平權婚禮 異同聯手推平權、去污名
__label__undefined,https://news.everydayhealth.com.tw/2019/05/09/34794-%e6%8f%9b%e5%ad%a3%e4%ba%86%e3%80%81%e9%81%8e%e6%95%8f%e5%b0%b1%e4%be%86%e4%ba%86%ef%bc%81%e9%ab%98%e9%ba%97%e8%94%98%e8%aa%bf%e9%ab%94%e8%b3%aa-%e6%8f%9b%e5%ad%a3%e9%bc%bb%e7%82%8e%e4%b8%8d%e5%86%8d,換季了、過敏就來了！高麗蔘調體質 換季鼻炎不再來
__label__undefined,https://news.everydayhealth.com.tw/2019/05/08/34790-%e5%b8%b8%e8%aa%aa%e6%9c%89%e5%a4%a2%e6%9c%80%e7%be%8e%ef%bc%8c%e8%bf%bd%e9%80%90%e5%a4%a2%e6%83%b3%e9%81%93%e8%b7%af%e4%b8%8a%ef%bc%8c%e3%80%8c%e5%81%a5%e5%ba%b7%e3%80%8d%e5%bf%85%e5%ae%9a%e8%a6%81,常說有夢最美，追逐夢想道路上，「健康」必定要相隨！
__label__undefined,https://news.everydayhealth.com.tw/2019/04/29/34779-%e9%a4%8a%e8%ba%ab%e5%85%88%e9%a4%8a%e8%85%b3%ef%bc%8cla-new-%e5%81%95%e5%90%8c%e9%86%ab%e5%b8%ab%e6%9e%97%e9%a0%8c%e5%87%b1%e6%8f%ad%e9%96%8b%e8%85%b3%e3%80%8c%e5%a3%93%e3%80%8d%e7%9a%84%e7%a7%98,養身先養腳，LA NEW 偕同醫師林頌凱揭開腳「壓」的秘密
__label__undefined,https://news.everydayhealth.com.tw/2019/04/26/34776-%e7%81%ab%e7%b4%85%e9%9f%93%e5%8a%87%e8%b6%85%e5%b0%88%e6%a5%ad-%e8%84%8a%e6%a4%8e%e5%85%a7%e8%a6%96%e9%8f%a1%e6%89%8b%e8%a1%93%e5%bc%95%e9%a0%98%e9%a2%a8%e6%bd%ae,火紅韓劇超專業 脊椎內視鏡手術引領風潮
__label__undefined,https://news.everydayhealth.com.tw/2019/04/26/34772-%e9%bb%83%e6%96%91%e9%83%a8%e7%97%85%e8%ae%8a%e5%8d%81%e5%b9%b4%e6%b2%bb%e7%99%82%e6%9c%89%e6%88%90-%e7%b7%a0%e9%80%a0%e7%9c%bc%e7%a7%91%e9%87%8c%e7%a8%8b%e7%a2%91,黃斑部病變十年治療有成 締造眼科里程碑
__label__undefined,https://news.everydayhealth.com.tw/2019/04/22/34765-%e5%a5%87%e7%95%b0%e6%9e%9c%e9%82%84%e6%9c%89%e7%b4%85%e6%a9%99%e9%bb%83%e7%b6%a0%e3%80%81%e9%85%b8%e7%94%9c%e8%8b%a6%e8%be%a3-%e4%b8%80%e7%aa%ba%e6%96%b0%e5%a5%87%e8%b6%85%e6%9c%89%e6%84%9f%e7%9a%84z,奇異果還有紅橙黃綠、酸甜苦辣 一窺新奇超有感的Zespri奇異果
__label__undefined,https://news.everydayhealth.com.tw/2019/04/15/34743-%e6%b8%85%e6%98%8e%e7%af%80%e6%b0%a3%e6%98%93%e7%99%bc%e9%ab%98%e8%a1%80%e5%a3%93%ef%bc%81%e9%98%bb%e6%96%b7%e5%bf%83%e8%a1%80%e7%ae%a1%e7%96%be%e7%97%85%e6%ba%90%e9%a0%ad%ef%bc%8c%e4%b8%89%e9%ab%98,清明節氣易發高血壓！阻斷心血管疾病源頭，三高這樣吃蔘最養生
__label__undefined,https://news.everydayhealth.com.tw/2019/04/03/34717-%e7%94%a2%e5%be%8c%e6%8e%89%e9%ab%ae%e5%a4%aa%e5%a4%9a%e6%9c%83%e4%b8%8d%e6%9c%83%e7%a6%bf%e9%a0%ad,產後掉髮太多會不會禿頭?
__label__undefined,https://news.everydayhealth.com.tw/2019/04/01/34714-%e3%80%8c%e4%b8%96%e7%95%8c%e4%b8%8d%e9%81%99%e9%81%a0-%e8%b3%87%e5%8a%a9%e6%84%9b%e7%9b%b8%e9%80%a3%e3%80%8d%e5%85%ad%e5%9c%8b%e4%b8%96%e7%95%8c%e5%b1%95%e6%9c%9b%e6%9c%83%e5%9c%98%e9%9a%8a%e4%be%86,「世界不遙遠 資助愛相連」六國世界展望會團隊來台 與資助…
__label__undefined,https://news.everydayhealth.com.tw/2019/03/12/34695-%e5%8f%b0%e7%81%a3%e7%b4%b0%e8%83%9e%e9%86%ab%e7%99%82%e9%a0%98%e5%85%88-%e7%be%8e%e5%9c%8b%e5%b0%87%e8%b7%9f%e9%80%b2%e9%96%8b%e6%94%be%e5%b9%b9%e7%b4%b0%e8%83%9e%e6%b2%bb%e7%99%82%e6%b3%95%e8%a6%8f,台灣細胞醫療領先 美國將跟進開放幹細胞治療法規
__label__undefined,https://news.everydayhealth.com.tw/2019/03/11/34692-%e8%a2%ab%e5%86%b0%e5%87%8d%e7%9a%84%e8%82%a9%e8%86%80-%e4%ba%94%e5%8d%81%e8%82%a9,被冰凍的肩膀—五十肩
__label__undefined,https://news.everydayhealth.com.tw/2019/02/21/34663-%e9%97%9c%e5%bf%83%e5%85%92%e7%99%8c-%e6%94%af%e6%8c%81%e7%88%b6%e6%af%8d-%e9%a6%ac%e5%81%95%e5%85%92%e9%86%ab%e8%88%87%e5%9f%ba%e9%9a%86%e6%84%9b%e6%a8%82%e5%b0%87%e8%88%89%e8%be%a6%e3%80%8c,關心兒癌 支持父母  馬偕兒醫與基隆愛樂將舉辦「看見幸福音樂會」 歡迎索票
__label__undefined,https://news.everydayhealth.com.tw/2019/01/23/34626-%e5%b9%b4%e5%81%879%e5%a4%a9%e9%95%b7%e5%81%87%e6%86%82%e5%bf%83%e8%aa%bf%e6%9f%a5%ef%bc%9a%e6%85%a2%e6%80%a7%e7%97%85%e5%8f%8b%e7%85%a7%e9%a1%a7%e8%80%85%e6%9c%80%e5%9b%b0%e6%93%be%e3%80%8c%e5%90%83,年假9天長假憂心調查：慢性病友照顧者最困擾「吃」與「行」
__label__undefined,https://news.everydayhealth.com.tw/2018/12/27/34573-%e5%8b%87%e6%95%a2%e9%9d%a2%e5%b0%8d%e5%ad%90%e5%ae%ae%e8%82%8c%e7%98%a4%ef%bc%81,勇敢面對子宮肌瘤！
__label__undefined,https://news.everydayhealth.com.tw/2018/12/11/34558-%e9%a3%9f%e8%97%a5%e7%bd%b2%e5%80%9f%e9%87%8d%e7%b6%b2%e7%b4%85%e9%9d%92%e5%b0%91%e5%b9%b4%e5%bd%b1%e9%9f%bf%e5%8a%9b-%e6%8f%aa%e4%ba%94%e5%a4%a7%e7%b6%b2%e7%b4%85%e7%b5%84%e5%8f%8d%e6%af%92%e8%81%af,食藥署借重網紅青少年影響力 揪五大網紅組反毒聯盟 聯合快閃台北 號召青少年向毒品說不！
__label__undefined,https://news.everydayhealth.com.tw/2018/12/10/34551-34551,ＡＩ智能醫療處於風口，生殖醫療前景大好！
__label__undefined,https://news.everydayhealth.com.tw/2018/12/06/34545-%e5%86%ac%e5%a4%a9%e9%bc%bb%e9%81%8e%e6%95%8f%e3%80%81%e6%80%95%e5%86%b7%e4%b8%8d%e6%b1%82%e4%ba%ba%ef%bc%81%e4%b8%ad%e9%86%ab%e7%9a%84%e7%b4%85%e8%b1%86%e6%ba%ab%e6%95%b7%e5%a6%99%e6%96%b9,冬天鼻過敏、怕冷不求人！中醫的紅豆溫敷妙方
__label__undefined,https://news.everydayhealth.com.tw/2018/12/03/34527-%e6%99%ba%e6%85%a7%e5%9e%8b%e8%a1%80%e7%b3%96%e7%ae%a1%e7%90%86%e6%9c%8d%e5%8b%99-%e6%89%8b%e6%a9%9fapp%e5%b0%b1%e8%83%bd%e8%bc%95%e9%ac%86%e6%93%8d%e4%bd%9c,智慧型血糖管理服務 手機app就能輕鬆操作
__label__undefined,https://news.everydayhealth.com.tw/2018/11/08/34503-%e5%8d%8a%e7%99%be%e4%ba%ba%e7%94%9f%e5%a4%a7%e8%bd%89%e5%bd%8e-%e4%bb%96%e6%b4%97%e8%85%8e%e5%be%8c%e6%9b%b4%e6%83%b3%e7%8e%a9%e9%81%8d%e5%8f%b0%e7%81%a3,半百人生大轉彎 他洗腎後更想玩遍台灣
__label__undefined,https://news.everydayhealth.com.tw/2018/11/08/34496-%e9%86%ab%e7%99%82%e9%9b%b6%e8%b7%9d%e9%9b%a2%ef%bc%8180%e6%9c%89%e6%85%a2%e6%80%a7%e7%97%85%e5%8d%b1%e9%9a%aa%e5%9b%a0%e5%ad%90%e7%9a%84%e5%81%8f%e9%84%89%e6%b0%91%e7%9c%be%e5%b0%87%e5%be%97%e5%88%b0,醫療零距離！80%有慢性病危險因子的偏鄉民眾將得到保障！
__label__undefined,https://news.everydayhealth.com.tw/2018/11/02/34486-%e7%94%a2%e5%ad%b8%e6%8e%a8%e5%8b%95%e5%8f%b0%e7%81%a3%e7%94%9f%e6%8a%80%e8%83%bd%e9%87%8f-%e5%bc%95%e5%9c%8b%e9%9a%9b%e5%ad%b8%e8%80%85%e5%90%88%e4%bd%9c%e7%a0%94%e7%a9%b6-%e6%a8%99%e9%9d%b6%e6%94%be,產學推動台灣生技能量 引國際學者合作研究 標靶放療併用台灣小分子褐藻醣膠 阿根廷研究達94%整體反應率
__label__undefined,https://news.everydayhealth.com.tw/2018/10/04/34452-%e7%94%a8%e7%9c%bc%e6%99%82%e6%95%b8%e5%86%8d%e5%89%b5%e6%96%b0%e9%ab%98%ef%bc%81%e4%b8%83%e6%88%90%e5%9c%8b%e4%ba%ba%e3%80%8c%e7%9d%9b%e7%96%b2%e3%80%8d%e5%8a%9b%e7%ab%ad,用眼時數再創新高！七成國人「睛疲」力竭
__label__undefined,https://news.everydayhealth.com.tw/2018/09/20/34442-%e6%af%94%e9%81%94%e6%96%87%e8%a5%bf%e6%89%8b%e8%a1%93%e6%9b%b4%e4%b8%8d%e5%82%b7%e8%ba%ab%e9%ab%94%e3%80%80%e7%9b%b4%e6%8e%a5%e5%90%b8%e9%99%a4%e8%a4%87%e9%9b%9c%e7%9a%84%e5%b0%bf%e8%b7%af%e7%b5%90,比達文西手術更不傷身體　直接吸除複雜的尿路結石
__label__undefined,https://news.everydayhealth.com.tw/2018/09/18/34439-%e6%84%9b%e5%90%83%e5%ad%95%e5%a9%a6%e6%b3%a8%e6%84%8f%ef%bc%81%e4%b8%ad%e7%a7%8b%e5%90%83%e5%a4%9a%e7%83%a4%e8%82%89%e3%80%81%e6%9c%88%e9%a4%85-%e6%81%90%e5%b0%8e%e8%87%b4%e6%97%a9%e7%94%a2%e3%80%81,愛吃孕婦注意！中秋吃多烤肉、月餅 恐導致早產、胎兒生長遲滯及巨嬰
__label__undefined,https://news.everydayhealth.com.tw/2018/09/12/34427-%e5%8f%b0%e7%81%a3%e5%b0%8f%e5%88%86%e5%ad%90%e8%a4%90%e8%97%bb%e9%86%a3%e8%86%a0%e4%bd%b5%e7%94%a8cisplatin-%e8%87%a8%e5%ba%8a%e8%a7%80%e5%af%9f%e5%a2%9e%e5%8a%a050%e5%ad%98%e6%b4%bb%e7%8e%87,台灣小分子褐藻醣膠併用Cisplatin 臨床觀察增加50%存活率 登上國際醫學期刊
__label__undefined,https://news.everydayhealth.com.tw/2018/09/10/34424-%e5%85%8d%e7%96%ab%e7%b4%b0%e8%83%9e%e7%99%82%e6%b3%95%e5%88%97%e5%85%a5%e5%b8%b8%e8%a6%8f%e9%86%ab%e7%99%82-%e5%8f%b0%e7%81%a3%e6%88%90%e7%82%ba%e4%b8%96%e7%95%8c%e7%ac%ac%e4%ba%8c%e5%83%85%e6%ac%a1,免疫細胞療法列入常規醫療 台灣成為世界第二僅次日本
__label__undefined,https://news.everydayhealth.com.tw/2018/09/04/34399-%e6%84%9b%e5%90%83%e7%94%9c%e9%a3%9f%e3%80%81%e7%86%ac%e5%a4%9c%e8%bf%bd%e5%8a%87-%e7%95%b6%e5%bf%83%e7%a7%81%e5%af%86%e8%99%95%e6%84%9f%e6%9f%93,愛吃甜食、熬夜追劇 當心私密處感染
__label__undefined,https://news.everydayhealth.com.tw/2018/08/30/34392-%e5%8c%96%e7%99%82%e6%98%af%e7%99%8c%e7%97%87%e5%bf%85%e7%b6%93%e4%b9%8b%e8%b7%af%ef%bc%9f%e6%97%a9%e6%9c%9f%e4%b9%b3%e7%99%8c%e8%a1%93%e5%be%8c%e6%b2%bb%e7%99%82%e6%96%b0%e8%a7%80%e5%bf%b5,化療是癌症必經之路？早期乳癌術後治療新觀念
__label__undefined,https://news.everydayhealth.com.tw/2018/08/29/34384-%e8%80%b3%e9%bc%bb%e5%96%89%e7%a7%91%e9%86%ab%e5%b8%ab%e8%ad%a6%e5%91%8a%ef%bc%9a%e7%94%a8line%e6%89%93%e9%9b%bb%e8%a9%b1%e6%9c%80%e6%81%90%e6%80%96%ef%bc%81,耳鼻喉科醫師警告：用LINE打電話最恐怖！
__label__undefined,https://news.everydayhealth.com.tw/2018/08/24/34381-%e5%b9%bd%e9%96%80%e9%95%b7%e8%b9%bc-%e8%ae%93%e5%af%b6%e5%af%b6%e6%af%8f%e5%90%83%e5%bf%85%e5%90%90,幽門長蹼  讓寶寶每吃必吐
__label__undefined,https://news.everydayhealth.com.tw/2018/08/03/34354-%e7%b5%a6%e5%af%b6%e5%af%b6%e6%9c%80%e5%a4%9a%e7%9a%84%e6%84%9b-%e6%af%8d%e4%b9%b3%e6%9c%80%e5%a5%bd,給寶寶最多的愛 母乳最好
__label__undefined,https://news.everydayhealth.com.tw/2018/07/20/34324-%e5%8f%b0%e7%81%a3%e7%94%b7%e6%80%a7%e5%b9%b3%e5%9d%87%e5%a3%bd%e5%91%bd%e4%bd%8e%e6%96%bc%e5%a5%b3%e6%80%a7-%e4%b8%ad%e9%86%ab%e5%b8%ab%e5%91%bc%e7%b1%b2%e7%94%b7%e6%80%a7%e9%87%8d%e8%a6%96%e5%81%a5,台灣男性平均壽命低於女性 中醫師呼籲男性重視健康
__label__undefined,https://news.everydayhealth.com.tw/2018/07/18/34307-%e8%82%a5%e8%83%96%e7%82%ba%e7%96%be%e7%97%85%e4%b9%8b%e6%ba%90-%e6%8e%a7%e5%88%b6%e9%ab%94%e9%87%8d%e6%94%b9%e5%96%84%e5%a4%9a%e7%a8%ae%e6%85%a2%e6%80%a7%e7%96%be%e7%97%85,肥胖為疾病之源 控制體重改善多種慢性疾病
__label__undefined,https://news.everydayhealth.com.tw/2018/07/16/34298-%e7%a9%ba%e6%b1%99%e5%b9%b4%e5%a5%aa%e7%99%be%e8%90%ac%e5%91%bd%ef%bc%81-%e6%94%9d%e5%8f%96%e9%97%9c%e9%8d%b5%e7%87%9f%e9%a4%8a%e7%b4%a0-%e8%83%bd%e5%a2%9e%e9%80%b2%e9%bb%8f%e8%86%9c%e5%81%a5,空汙年奪百萬命！  攝取關鍵營養素 能增進黏膜健康 調節免疫力
__label__undefined,https://news.everydayhealth.com.tw/2018/06/05/34252-%e6%8a%97%e5%b1%85%e5%ae%b6%e7%a9%ba%e6%b1%99%e3%80%81pm2-5%e7%85%a7%e9%a1%a7%e5%af%b6%e8%b2%9d%e5%81%a5%e5%ba%b7%ef%bc%8c%e9%86%ab%e5%b8%ab%e6%95%99%e4%bd%a0%e9%80%99%e9%ba%bc%e5%81%9a-%e7%94%b1,照顧家中寶貝健康，知名小兒科醫師教你怎麼做(免費講座活動)
__label__undefined,https://news.everydayhealth.com.tw/2018/04/12/34212-%e7%aa%81%e7%99%bc%e6%80%a7%e6%b0%b4%e8%85%ab%e5%88%a5%e8%bc%95%e5%bf%bd-%e7%bd%95%e7%97%85%e6%b2%bb%e7%99%82%e6%96%b0%e5%a5%91%e6%a9%9f,突發性水腫別輕忽 罕病治療新契機
__label__undefined,https://news.everydayhealth.com.tw/2018/03/30/34207-%e7%99%8c%e7%97%87%e6%99%82%e9%90%98%e5%8a%a0%e5%bf%ab-%e6%b5%b7%e6%b4%8b%e7%94%9f%e9%86%ab%e6%88%90%e8%bc%94%e5%8a%a9%e6%b2%bb%e7%99%82%e5%a5%91%e6%a9%9f,癌症時鐘加快 海洋生醫成輔助治療契機
__label__undefined,https://news.everydayhealth.com.tw/2018/03/27/34204-%e4%b9%b3%e7%99%8c%e5%b9%b4%e5%a2%9e%e4%ba%ba%e6%95%b8%e5%b0%87%e7%a0%b41%e8%90%ac5%e5%a4%a7%e9%97%9c-%e6%99%9a%e6%9c%9f%e8%bd%89%e7%a7%bb%e6%80%a7%e4%b9%b3%e7%99%8c%e6%82%a3%e8%bf%ab%e5%88%87,乳癌年增人數將破1萬5大關 晚期轉移性乳癌患迫切等待治療新突破
__label__undefined,https://news.everydayhealth.com.tw/2018/03/15/34175-%e8%ad%a6%e8%a8%8a%ef%bc%817%e6%88%90%e6%b0%91%e7%9c%be%e9%8c%af%e5%b0%87%e7%89%99%e5%91%a8%e7%97%85%e7%97%87%e7%8b%80%e7%95%b6%e7%81%ab%e6%b0%a3%e5%a4%a7,警訊！7成民眾錯將牙周病症狀當火氣大
__label__undefined,https://news.everydayhealth.com.tw/2018/03/08/34163-%e5%85%a8%e5%9c%8b%e9%a6%96%e5%89%b5%e7%b3%96%e5%b0%bf%e7%97%85%e6%9c%ac%e5%9c%9f%e5%8c%96%e9%a3%b2%e9%a3%9f%e4%ba%92%e5%8b%95%e8%a1%9b%e6%95%99%e2%94%80%e3%80%8e%e9%a3%9f%e7%89%a9%e4%b9%9d%e5%ae%ae,全國首創糖尿病本土化飲食互動衛教─『食物九宮格』開跑！
__label__undefined,https://news.everydayhealth.com.tw/2017/11/13/34116-%e9%a6%96%e4%bd%8d%e4%b9%b3%e7%99%8c%e8%a1%9b%e6%95%99%e6%a9%9f%e5%99%a8%e4%ba%bapepper%e6%ad%a3%e5%bc%8f%e6%96%bc%e8%87%ba%e5%8c%97%e6%a6%ae%e6%b0%91%e7%b8%bd%e9%86%ab%e9%99%a2%e5%a4%96%e7%a7%91,首位乳癌衛教機器人Pepper正式於臺北榮民總醫院外科部  乳房醫學中心上班!
__label__undefined,https://news.everydayhealth.com.tw/2017/11/13/34112-%e7%be%8e%e5%9c%8b%e5%85%a9%e5%a4%a7%e4%b8%8d%e5%ad%95%e7%97%87%e7%99%82%e7%a8%8b%e8%b6%a8%e5%8b%a2%e3%80%80%e6%8f%90%e5%8d%87%e9%ab%98%e9%bd%a1%e6%87%b7%e5%ad%95%e6%a9%9f%e6%9c%83,美國兩大不孕症療程趨勢　提升高齡懷孕機會
__label__undefined,https://news.everydayhealth.com.tw/2017/11/02/34102-%e6%b7%ba%e8%ab%87%e4%b8%89%e9%ab%98%e8%88%87%e8%82%a5%e8%83%96%e5%9b%a0%e5%ad%90,淺談三高與肥胖因子
__label__undefined,https://news.everydayhealth.com.tw/2017/10/25/34091-%e5%9c%8b%e5%85%a7%e7%89%99%e5%91%a8%e5%95%8f%e9%a1%8c%e6%af%94%e4%be%8b%e4%b9%9d%e6%88%90%e4%b9%9d-%e5%81%a5%e5%8f%a3%e9%ab%94%e6%93%8d%e8%a7%a3%e6%b1%ba%e5%8f%b0%e7%81%a3%e6%96%b0%e5%9c%8b%e7%97%85,國內牙周問題比例九成九 健口體操解決台灣新國病
__label__undefined,https://news.everydayhealth.com.tw/2017/09/28/34065-%e5%ad%95%e5%90%90%e5%9a%b4%e9%87%8d%e8%a9%b2%e6%80%8e%e9%ba%bc%e5%90%83%e6%89%8d%e5%8f%af%e4%bb%a5%e6%b8%9b%e7%b7%a9%ef%bc%9f,孕吐嚴重該怎麼吃才可以減緩？
__label__undefined,https://news.everydayhealth.com.tw/2017/08/30/34056-%e5%85%a8%e5%8f%b0%e4%b8%8a%e7%8f%ad%e6%97%8f%e5%a4%9a%e3%80%8c%e6%99%9a%e7%9d%a1%e5%bc%b7%e8%bf%ab%e7%97%87%e5%80%99%e7%be%a4%e3%80%8d-%e5%85%ab%e6%88%90%e4%b8%83%e5%82%b7%e8%85%b8%e8%80%97%e8%83%83,全台上班族多「晚睡強迫症候群」 八成七傷腸耗胃
__label__undefined,https://news.everydayhealth.com.tw/2017/08/14/34034-%e6%97%a9%e5%ae%89%e5%81%a5%e5%ba%b7%e6%94%9c%e6%89%8byahoo%e5%a5%87%e6%91%a9-%e7%ac%ac%e4%ba%8c%e5%b9%b4%e7%99%bc%e5%b8%83%e5%81%a5%e5%ba%b7%e5%a4%a7%e8%aa%bf%e6%9f%a5%e7%b5%90%e6%9e%9c%ef%bc%8c,早安健康攜手Yahoo奇摩 第二年發布健康大調查結果，發現健康大商機
__label__undefined,https://news.everydayhealth.com.tw/2017/07/26/33886-%e5%9c%8b%e5%85%a7%e9%80%b2%e5%85%a5%e8%85%b8%e7%97%85%e6%af%92%e6%b5%81%e8%a1%8c%e6%9c%9f%ef%bc%8c%e8%ab%8b%e8%90%bd%e5%af%a6%e6%ad%a3%e7%a2%ba%e6%b4%97%e6%89%8b%ef%bc%8c%e7%95%99%e6%84%8f%e5%ac%b0,國內進入腸病毒流行期，請落實正確洗手，留意嬰幼童重症前兆病徵
__label__undefined,https://news.everydayhealth.com.tw/2017/07/21/33821-%e5%85%a8%e5%8f%b0%e4%b8%89%e6%88%90b%e3%80%81c%e5%9e%8b%e8%82%9d%e7%82%8e%e5%b8%b6%e5%8e%9f%e8%80%85%e6%9c%aa%e5%b0%b1%e9%86%ab-%e6%b7%b1%e9%99%b7%e8%82%9d%e7%99%8c%e5%8d%b1%e6%a9%9f,全台三成B、C型肝炎帶原者未就醫 深陷肝癌危機
__label__undefined,https://news.everydayhealth.com.tw/2017/07/17/33818-%e8%87%ba%e5%8d%97%e5%b8%82%e7%a2%ba%e8%a8%ba%e7%ac%ac7%e4%be%8b%e5%a2%83%e5%a4%96%e7%a7%bb%e5%85%a5%e7%99%bb%e9%9d%a9%e7%86%b1%e7%a2%ba%e5%ae%9a%e7%97%85%e4%be%8b,臺南市確診第7例境外移入登革熱確定病例
__label__undefined,https://news.everydayhealth.com.tw/2017/07/14/33816-50%e6%ad%b2%e5%be%8c%e4%bb%a3%e8%ac%9d%e6%85%a2%ef%bc%817%e4%bb%b6%e4%b8%80%e5%ae%9a%e8%a6%81%e5%81%9a%e7%9a%84%e4%ba%8b,50歲後代謝慢！7件一定要做的事
__label__undefined,https://news.everydayhealth.com.tw/2017/06/23/33442-%e5%90%8d%e5%98%b4%e9%99%b3%e7%ab%8b%e5%ae%8f%e8%85%a6%e7%98%a4%e7%97%85%e9%80%9d%ef%bc%81%e9%86%ab%e5%b8%ab%ef%bc%9a%e9%80%99%e7%a8%ae%e7%95%b0%e5%b8%b8%e9%a0%ad%e7%97%9b%e8%a6%81%e6%b3%a8%e6%84%8f,名嘴陳立宏腦瘤病逝！醫師：這種異常頭痛要注意
__label__undefined,https://news.everydayhealth.com.tw/2017/06/14/33271-%e5%9c%8b%e5%85%a7%e6%b5%81%e6%84%9f%e7%96%ab%e6%83%85%e6%8c%81%e7%ba%8c%e4%b8%8a%e5%8d%87%ef%bc%8c%e6%87%89%e8%90%bd%e5%af%a6%e3%80%8c%e7%94%9f%e7%97%85%e4%b8%8d%e4%b8%8a%e7%8f%ad%e3%80%81%e4%b8%8d,國內流感疫情持續上升，應落實「生病不上班、不上課」，儘早就醫
__label__undefined,https://news.everydayhealth.com.tw/2017/06/06/33122-%e6%9a%91%e5%81%87%e5%87%ba%e5%9c%8b%e6%97%85%e9%81%8a%ef%bc%8c%e8%ab%8b%e7%9e%ad%e8%a7%a3%e7%95%b6%e5%9c%b0%e7%96%ab%e6%83%85%ef%bc%8c%e8%90%bd%e5%af%a6%e7%9b%b8%e9%97%9c%e9%a0%90%e9%98%b2%e6%8e%aa,暑假出國旅遊，請瞭解當地疫情，落實相關預防措施，確保旅途健康
__label__undefined,https://news.everydayhealth.com.tw/2017/05/31/32999-%e6%a4%b0%e5%ad%90%e6%b2%b9%e6%b8%9b%e8%82%a5%e7%a9%a9%e8%a1%80%e7%b3%96%ef%bc%9f%e5%b0%88%e5%ae%b6%ef%bc%9a%e6%b2%92%e9%81%bf%e9%96%8b%e9%80%99%e9%a3%9f%e7%89%a9%ef%bc%8c%e9%9b%a3%e6%80%aa%e6%b2%92,椰子油減肥穩血糖？專家：沒避開這食物，難怪沒效！
__label__undefined,https://news.everydayhealth.com.tw/2017/05/23/32871-%e5%8e%9f%e4%be%86%e9%97%9c%e9%8d%b5%e4%bd%8d%e7%bd%ae%e8%a6%81%e9%80%99%e6%a8%a3%e4%bf%9d%e9%a4%8a-%e8%91%a1%e8%90%84%e7%b3%96%e8%83%ba%e5%85%a7%e5%a4%96%e5%85%bc%e9%a1%a7%e6%89%8d%e6%98%af%e6%ad%a3,原來關鍵位置要這樣保養 葡萄糖胺內外兼顧才是正確的健康之道
__label__undefined,https://news.everydayhealth.com.tw/2017/05/23/32858-%e4%b8%8d%e6%98%af%e7%96%b2%e7%b4%af%e6%84%9b%e7%9d%a1%e8%a6%ba%ef%bc%8c%e8%80%8c%e6%98%af%e4%bd%8e%e8%a1%80%e7%b3%96%ef%bc%81,不是疲累愛睡覺，而是低血糖！
__label__undefined,https://news.everydayhealth.com.tw/2017/05/19/32801-5%e6%9c%8822%e6%97%a5%e8%b5%b7%e5%b9%bc%e5%85%92%e5%b8%b8%e8%a6%8f%e6%8e%a5%e7%a8%ae%e6%8f%90%e4%be%9b%e6%96%b0%e5%9e%8b%e6%b4%bb%e6%80%a7%e6%b8%9b%e6%af%92%e6%97%a5%e6%9c%ac%e8%85%a6%e7%82%8e,5月22日起幼兒常規接種提供新型活性減毒日本腦炎疫苗，只需接種2劑，保護效果一樣好
__label__undefined,https://news.everydayhealth.com.tw/2017/05/09/32602-%e7%a4%be%e5%8d%80%e6%b5%81%e6%84%9f%e8%bc%95%e7%97%87%e7%96%ab%e6%83%85%e6%9c%aa%e6%ad%87%ef%bc%8c%e9%87%8d%e7%97%87%e9%80%9a%e5%a0%b1%e6%95%b8%e6%9c%89%e5%a2%9e%e5%8a%a0%e6%83%85%e5%bd%a2,社區流感輕症疫情未歇，重症通報數有增加情形…
__label__undefined,https://news.everydayhealth.com.tw/2017/05/02/32458-%e6%af%8d%e8%a6%aa%e7%af%80%e6%9c%80%e5%a4%af%e7%a6%ae%e7%89%a9-%e8%90%ac%e5%85%83%e4%b9%b3%e9%9c%9c%e7%86%b1%e6%bd%ae%e4%b8%8d%e5%86%8d,母親節最夯禮物 萬元乳霜熱潮不再?
__label__undefined,https://news.everydayhealth.com.tw/2017/04/25/32333-%e5%8f%b0%e7%be%8e%e5%90%88%e8%be%a6%e3%80%8c%e7%99%bb%e9%9d%a9%e7%86%b1%e8%8c%b2%e5%8d%a1%e5%b1%88%e5%85%ac%e7%97%85%e9%91%91%e5%88%a5%e8%a8%ba%e6%96%b7%e5%9c%8b%e9%9a%9b%e7%a0%94%e7%bf%92%e7%87%9f,台美合辦「登革熱/茲卡/屈公病鑑別診斷國際研習營」，強化新南向
__label__undefined,https://news.everydayhealth.com.tw/2017/04/19/32216-%e5%bf%83%e8%87%9f%e8%a1%b0%e7%ab%ad%e7%8c%b6%e5%a6%82%e3%80%8c%e7%96%b2%e7%90%83%e5%bf%83%e3%80%8d%e6%9c%80%e3%80%8c%e7%96%b2%e7%b4%af%e3%80%8d%e7%9a%84%e5%bf%83%e8%87%9f%e7%97%85%e5%b0%8e%e8%87%b4,心臟衰竭猶如「疲球心」最「疲累」的心臟病導致…
__label__undefined,https://news.everydayhealth.com.tw/2017/04/18/32182-%e9%98%b2%e7%af%84%e8%85%b8%e7%97%85%e6%af%92%e5%a8%81%e8%84%85%e5%b0%8f%e5%af%b6%e8%b2%9d%e5%81%a5%e5%ba%b7%ef%bc%8c%e5%ae%b6%e9%95%b7%e5%8f%8a%e6%95%99%e6%89%98%e8%82%b2%e4%ba%ba%e5%93%a1%e6%87%89,防範腸病毒威脅小寶貝健康，家長及教托育人員應…
__label__undefined,https://news.everydayhealth.com.tw/2017/04/18/32178-%e8%b2%b7%e9%9e%8b%e4%b9%9f%e8%a6%81%e7%9c%8b%e4%b8%89%e3%80%8c%e5%9c%8d%e3%80%8d,買鞋也要看三「圍」?
__label__undefined,https://news.everydayhealth.com.tw/2017/04/13/32104-%e5%9c%8b%e5%85%a7%e5%87%ba%e7%8f%be%e4%bb%8a%e5%b9%b4%e9%a6%96%e4%be%8b%e5%a2%83%e5%a4%96%e7%a7%bb%e5%85%a5%e8%8c%b2%e5%8d%a1%e7%97%85%e6%af%92%e6%84%9f%e6%9f%93%e5%80%8b%e6%a1%88%e6%b0%91%e7%9c%be,"國內出現今年首例境外移入茲卡病毒感染個案,民眾…"
__label__undefined,https://news.everydayhealth.com.tw/2017/04/13/32094-%e8%9b%8b%e6%ae%bc%e8%84%86%e5%bc%b1%e5%ae%b9%e6%98%93%e7%a0%b4%ef%bc%8c%e9%9c%80%e8%a6%81%e5%b0%8f%e5%bf%83%e4%bf%9d%e8%ad%b7%ef%bc%8c%e9%82%a3%e4%bd%a0%e7%9a%84%e7%90%ba%e7%91%af%e8%b3%aa%e5%91%a2,蛋殼脆弱容易破，需要小心保護，那你的琺瑯質呢?!
__label__undefined,https://news.everydayhealth.com.tw/2017/04/11/32048-%e6%84%9b%e6%bb%8b%e5%9c%a8%e5%ae%b6%e8%87%aa%e6%88%91%e7%af%a9%e6%aa%a2-%e4%b8%8a%e7%b6%b2%e7%99%bb%e9%8c%84%e8%b6%85%e5%95%86%e5%8f%96%e8%b2%a8%e4%bf%9d%e9%9a%b1%e7%a7%81,愛滋檢測 免登錄資料還可在超商取貨
__label__undefined,https://news.everydayhealth.com.tw/2017/04/05/31924-%e8%97%a5%e7%89%a9%e9%81%8e%e6%95%8f%e6%9c%89%e8%bf%b7%e6%80%9d%ef%bc%8c%e6%97%a9%e6%9c%9f%e7%97%87%e7%8b%80%e8%aa%8d%e7%9f%a5%e8%a6%81%e5%8a%a0%e5%bc%b7,藥物過敏有迷思，早期症狀認知要加強
__label__undefined,https://news.everydayhealth.com.tw/2017/03/31/31861-%e7%b3%96%e5%b0%bf%e7%97%85%e5%b0%91%e9%87%8f%e5%a4%9a%e9%a4%90-%e9%8c%af%e8%aa%a4%e6%b8%9b%e9%87%8d-%e6%81%90%e6%b8%9b%e9%87%8d%e4%b8%8d%e6%88%90%e3%80%81%e8%a1%80%e7%b3%96%e5%8f%8d%e5%a4%b1%e6%8e%a7,糖尿病少量多餐-錯誤減重 恐減重不成、血糖反失控？
__label__undefined,https://news.everydayhealth.com.tw/2017/03/30/31832-%e8%85%b8%e8%83%83%e5%95%8f%e9%a1%8cm%e5%9e%8b%e5%8c%96%ef%bc%9a%e5%9f%ba%e5%b1%a4%e4%b8%8d%e9%a0%86%e6%9a%a2%e3%80%81%e9%ab%98%e5%b1%a4%e5%a4%9a%e7%98%9c%e8%82%89-%e8%85%b9%e6%84%81%e8%80%854,腸胃問題M型化：基層不順暢、高層多瘜肉 腹愁者4..
__label__undefined,https://news.everydayhealth.com.tw/2017/03/21/31676-%e6%bd%9b%e4%bc%8f%e7%b5%90%e6%a0%b8%e7%af%a9%e6%aa%a2%ef%bc%8c%e6%95%91%e4%ba%86%e7%a5%96%e5%ad%ab%e4%b8%89%e4%bb%a3,潛伏結核篩檢，救了祖孫三代
__label__undefined,https://news.everydayhealth.com.tw/2017/03/21/31674-%e7%96%be%e7%ae%a1%e7%bd%b2%e6%8c%81%e7%ba%8c%e6%93%b4%e5%a4%a7%e5%85%8d%e8%b2%bb%e6%bd%9b%e4%bc%8f%e7%b5%90%e6%a0%b8%e7%af%a9%e6%aa%a2-%e7%a5%96%e5%ad%ab%e4%b8%89%e4%bb%a3%e5%90%8c%e5%a0%82%e6%bd%9b,疾管署持續擴大免費潛伏結核篩檢 祖孫三代同堂潛…
__label__undefined,https://news.everydayhealth.com.tw/2017/03/10/31447-%e4%bd%8e%e9%a0%ad%e6%97%8f%e5%b0%8f%e5%bf%83-%e9%ab%98%e5%ba%a6%e8%bf%91%e8%a6%96%e7%ab%9f%e6%9c%83%e5%bc%95%e7%99%bc%e9%9d%92%e5%85%89,低頭族小心 高度近視竟會引發青光…
__label__undefined,https://news.everydayhealth.com.tw/2017/02/15/31051-%e4%b8%ad%e5%9c%8b%e5%a4%a7%e9%99%b8%e8%bf%91%e6%9c%9f%e6%8c%81%e7%ba%8c%e5%87%ba%e7%8f%beh7n9%e7%97%85%e4%be%8b%ef%bc%8c%e6%b0%91%e7%9c%be%e5%89%8d%e5%be%80%e7%95%b6%e5%9c%b0%e6%87%89%e9%81%bf,中國大陸近期持續出現H7N9病例，民眾前往當地應避免接觸禽鳥與出入活禽市場
__label__undefined,https://news.everydayhealth.com.tw/2017/02/09/30910-%e5%85%a5%e5%86%ac%e4%bb%a5%e4%be%86%e6%9c%80%e5%bc%b7%e5%af%92%e6%b5%81%e4%be%86%e8%a5%b2%ef%bc%8c%e8%ab%8b%e6%b0%91%e7%9c%be%e9%98%b2%e7%af%84%e6%b5%81%e6%84%9f%e5%a8%81%e8%84%85%ef%bc%8c%e5%87%ba,入冬以來最強寒流來襲，請民眾防範流感威脅，出現危險徵兆儘速就醫
__label__undefined,https://news.everydayhealth.com.tw/2017/02/09/30888-%e9%98%b2%e7%96%ab%e8%a6%96%e5%90%8c%e4%bd%9c%e6%88%b0%ef%bc%8c%e8%a1%9b%e7%a6%8f%e9%83%a8%e9%95%b7%e9%99%b3%e6%99%82%e4%b8%ad%e7%8e%87%e9%98%b2%e7%96%ab%e4%b8%bb%e7%ae%a1%e5%85%b1%e5%90%8c%e5%ae%a3,防疫視同作戰，衛福部長陳時中率防疫主管共同宣示全力對抗禽流感
__label__undefined,https://news.everydayhealth.com.tw/2016/02/05/16198-%e5%bf%ab%e6%a8%82%e9%81%8e%e6%96%b0%e5%b9%b4-%e5%ae%b6%e9%95%b7%e8%a6%81%e7%94%a8%e5%bf%83-%e6%bd%98%e4%bf%8a%e4%bc%b8,快樂過新年. 家長要用心
__label__undefined,https://news.everydayhealth.com.tw/2015/12/30/16253-%e9%ab%98%e7%ba%96%e9%a3%b2%e9%a3%9f%ef%bc%8c%e3%80%8c%e8%85%b8%e3%80%8d%e4%bf%9d%e5%81%a5%e5%ba%b7-%e4%b8%81%e7%b6%ba%e6%96%87,高纖飲食，「腸」保健康
__label__undefined,https://news.everydayhealth.com.tw/2015/12/18/16227-%e6%99%82%e5%b0%9a%e8%a7%80%e5%af%9f%e5%ae%a4%ef%bc%8d%e6%ba%ab%e6%b3%89%e6%b3%a1%e6%b3%a1%e6%a8%82-%e9%84%ad%e6%83%a0%e6%96%87,時尚觀察室－溫泉泡泡樂
__label__undefined,https://news.everydayhealth.com.tw/2015/12/12/16245-%e6%8a%97%e8%80%81%ef%bc%8c%e5%be%9e%e5%bb%9a%e6%88%bf%e9%96%8b%e5%a7%8b-%e4%b8%81%e7%b6%ba%e6%96%87,抗老，從廚房開始
__label__undefined,https://news.everydayhealth.com.tw/2015/11/21/16006-%e7%bc%ba%e9%90%b5%e7%9a%84%e5%ad%a9%e5%ad%90-%e6%95%b8%e5%ad%b8%e5%b7%ae%ef%bc%9f-%e4%b8%81%e7%b6%ba%e6%96%87,缺鐵的孩子 數學差？
__label__undefined,https://news.everydayhealth.com.tw/2015/11/20/15986-%e5%86%ac%e5%ad%a3%e8%85%b8%e8%83%83%e7%82%8e-%e8%ab%87%e5%85%92%e7%ab%a5%e8%bc%aa%e7%8b%80%e7%97%85%e6%af%92%e6%84%9f%e6%9f%93-%e4%b8%81%e7%b6%ba%e6%96%87,冬季腸胃炎–談兒童輪狀病毒感染
__label__undefined,https://news.everydayhealth.com.tw/2015/11/18/16287-%e9%87%8d%e9%87%91%e5%b1%ac%e4%b8%ad%e6%af%92%e6%98%af%e5%b8%b8%e8%a6%8b%e7%9a%84%e5%95%8f%e9%a1%8c-%e4%bd%95%e4%b8%80%e6%88%90,重金屬中毒是常見的問題
__label__undefined,https://news.everydayhealth.com.tw/2015/11/16/15997-%e5%a4%9a%e5%8a%9f%e8%83%bd%e7%9a%84%e7%b6%ad%e7%94%9f%e7%b4%a0b6-%e4%b8%81%e7%b6%ba%e6%96%87,多功能的維生素B6
__label__undefined,https://news.everydayhealth.com.tw/2015/11/15/16084-%e4%b9%be%e6%be%80%e9%9b%99%e5%94%87%e7%9a%84%e7%a7%8b%e5%86%ac%e6%bb%8b%e6%bd%a4%e4%bf%9d%e6%ba%bc%e6%b3%95-%e8%94%a1%e9%95%b7%e7%a5%90,乾澀雙唇的秋冬滋潤保溼法
__label__undefined,https://news.everydayhealth.com.tw/2015/11/14/16210-%e9%a0%90%e9%98%b2%e7%97%9b%e9%a2%a8%e4%b8%8d%e8%83%bd%e5%8f%aa%e9%9d%a0%e4%bd%8e%e6%99%ae%e6%9e%97%e9%a3%9f%e7%89%a9-%e4%bd%95%e4%b8%80%e6%88%90,預防痛風不能只靠低普林食物
__label__undefined,https://news.everydayhealth.com.tw/2015/11/13/16190-%e7%99%bc%e7%87%92%e7%84%a6%e6%85%ae%e7%97%87%e5%80%99%e7%be%a4-%e4%b8%81%e7%b6%ba%e6%96%87,發燒焦慮症候群
__label__undefined,https://news.everydayhealth.com.tw/2015/11/12/16200-%e8%a1%80%e7%ae%a1%e7%a1%ac%e5%8c%96%e7%9a%84%e6%aa%a2%e6%9f%a5%e8%88%87%e6%b2%bb%e7%99%82-%e4%bd%95%e4%b8%80%e6%88%90,血管硬化的檢查與治療
__label__undefined,https://news.everydayhealth.com.tw/2015/11/10/16099-%e5%84%aa%e9%85%aa%e4%b9%b3%e6%8a%97%e9%81%8e%e6%95%8f%e7%9a%84%e7%a7%98%e5%af%86-%e4%bd%95%e4%b8%80%e6%88%90-2,優酪乳抗過敏的秘密
__label__undefined,https://news.everydayhealth.com.tw/2015/11/09/16252-%e4%bf%83%e9%80%b2%e9%ab%94%e5%85%a7%e7%92%b0%e4%bf%9d%e7%9a%84%e9%a3%9f%e7%89%a9%e7%ba%96%e7%b6%ad-%e4%b8%81%e7%b6%ba%e6%96%87,促進體內環保的食物纖維
__label__undefined,https://news.everydayhealth.com.tw/2015/11/08/16211-%e5%b0%8d%e6%8a%97%e6%b5%81%e6%84%9f%e5%bf%85%e9%a0%88%e7%9f%a5%e9%81%93%e7%9a%8410%e4%bb%b6%e4%ba%8b-%e4%bd%95%e4%b8%80%e6%88%90,對抗流感必須知道的10件事
__label__undefined,https://news.everydayhealth.com.tw/2015/11/07/16339-%e6%9a%b4%e8%82%a5%e6%86%82%e9%ac%b1%ef%bc%8c%e5%8e%9f%e4%be%86%e6%98%af%e9%bb%83%e9%ab%94%e9%85%ae%e4%b8%8d%e8%b6%b3-%e4%b8%81%e7%b6%ba%e6%96%87,暴肥憂鬱，原來是黃體酮不足
__label__undefined,https://news.everydayhealth.com.tw/2015/11/07/23524-%e8%85%b3%e8%b8%9d%e6%89%ad%e5%82%b7%e6%98%93%e6%9c%89%e9%aa%a8%e9%8c%af%e7%b8%ab%e3%80%80%e4%b8%ad%e9%86%ab%e6%89%8b%e6%b3%95%e8%aa%bf%e6%95%b4%e6%9c%89%e6%95%88%e6%94%b9%e5%96%84,腳踝扭傷易有骨錯縫 中醫手法調整有效改善
__label__undefined,https://news.everydayhealth.com.tw/2015/11/06/15717-%e5%a6%82%e4%bd%95%e7%94%b1%e7%9c%bc%e7%9d%9b%e5%a4%96%e8%a7%80%e8%87%aa%e6%88%91%e8%a8%ba%e6%96%b7%e8%ba%ab%e9%ab%94%e7%96%be%e7%97%85-%e5%bb%96%e5%a3%ab%e5%82%91,如何由眼睛外觀自我診斷身體疾病
__label__undefined,https://news.everydayhealth.com.tw/2015/11/05/15389-%e8%a1%80%e5%a3%93%e8%a9%b2%e8%87%aa%e5%b7%b1%e9%87%8f%e9%82%84%e6%98%af%e7%b5%a6%e9%86%ab%e5%b8%ab%e9%87%8f%ef%bc%9f-%e5%ba%b7%e5%ae%8f%e9%8a%98,血壓該自己量還是給醫師量？
__label__undefined,https://news.everydayhealth.com.tw/2015/11/04/15672-%e8%ab%87%e5%b0%bf%e5%a4%b1%e7%a6%81%e7%9a%84%e7%a8%ae%e9%a1%9e%e8%b5%b7%e5%9b%a0%e5%8f%8a%e5%b1%85%e5%ae%b6%e8%ad%b7%e7%90%86-%e5%90%b3%e5%9c%8b%e9%88%9e,談尿失禁的種類起因及居家護理
__label__undefined,https://news.everydayhealth.com.tw/2015/11/03/16096-%e9%80%a0%e6%88%90%e6%b6%88%e5%8c%96%e6%80%a7%e6%bd%b0%e7%98%8d%e7%9a%84%e8%a1%8c%e7%82%ba-%e4%bd%95%e4%b8%80%e6%88%90,造成消化性潰瘍的行為
__label__undefined,https://news.everydayhealth.com.tw/2015/11/02/16048-%e5%af%b6%e5%af%b6%e7%99%bc%e7%87%92%e4%ba%86%ef%bc%8c%e8%a9%b2%e6%80%8e%e9%ba%bc%e7%85%a7%e9%a1%a7%e9%a3%b2%e9%a3%9f%e8%b5%b7%e5%b1%85%e5%91%a2%ef%bc%9f-%e9%99%b3%e6%b0%b8%e7%b6%ba,寶寶發燒了，該怎麼照顧飲食起居呢？
__label__undefined,https://news.everydayhealth.com.tw/2015/11/01/16224-%ef%bc%8d%e7%9a%ae%e8%86%9a%e7%a7%91%e9%86%ab%e5%b8%ab%e8%a8%ba%e9%96%93%e6%89%8b%e6%9c%ad%ef%bc%8d%e6%96%b0%e5%ab%81%e5%a8%98%e7%9a%84%e7%be%8e%e9%ba%97%e8%88%87%e5%93%80%e6%84%81%ef%bc%9a%e9%9d%92,－皮膚科醫師診間手札－新嫁娘的美麗與哀愁：青春痘疤
__label__undefined,https://news.everydayhealth.com.tw/2015/10/31/16320-%e8%a7%92%e8%86%9c%e7%a0%b4%e7%9a%ae-%e7%8e%8b%e5%8f%b8%e5%ae%8f,角膜破皮
__label__undefined,https://news.everydayhealth.com.tw/2015/10/30/15600-%e7%99%8c%e7%97%87%e7%97%85%e6%82%a3%e5%88%a5%e6%85%8c%e5%bc%b5%ef%bc%8c%e8%88%87%e9%86%ab%e5%b8%ab%e5%90%88%e4%bd%9c%e7%94%9f%e6%b6%af%e8%a6%8f%e5%8a%83-%e9%99%b3%e6%98%8e%e6%9d%91,癌症病患別慌張，與醫師合作生涯規劃
__label__undefined,https://news.everydayhealth.com.tw/2015/10/29/16334-%e9%81%8b%e5%8b%95%e9%87%8f%e5%a2%9e%e5%8a%a0%e5%8f%8d%e8%80%8c%e8%ae%8a%e8%83%96%ef%bc%9f-%e4%bd%95%e4%b8%80%e6%88%90,運動量增加反而變胖？
__label__undefined,https://news.everydayhealth.com.tw/2015/10/25/15471-%e7%94%b7%e5%a5%b3%e5%96%9d%e9%85%92%e5%a4%a7%e4%b8%8d%e5%90%8c-%e4%bd%95%e4%b8%80%e6%88%90,男女喝酒大不同
__label__undefined,https://news.everydayhealth.com.tw/2015/10/24/16237-%e7%9a%ae%e8%86%9a%e4%b8%8b%e7%9a%84%e6%a2%af%e5%ad%90-%e4%b8%81%e7%b6%ba%e6%96%87,皮膚下的梯子
__label__undefined,https://news.everydayhealth.com.tw/2015/10/23/16205-%e9%80%a0%e6%88%90%e8%85%a6%e9%83%a8%e6%8f%90%e6%97%a9%e9%80%80%e5%8c%96%e7%9a%84%e8%a1%8c%e7%82%ba-%e4%bd%95%e4%b8%80%e6%88%90,造成腦部提早退化的行為
__label__undefined,https://news.everydayhealth.com.tw/2015/10/22/15488-%e5%85%85%e6%b0%b4%e7%9a%84%e8%85%b3%ef%bc%8e%e5%9a%b4%e9%87%8d%e5%97%8e%ef%bc%9f%ef%bc%8d%e8%ab%87%e4%b8%8b%e8%82%a2%e6%b0%b4%e8%85%ab-%e9%99%b3%e6%98%8e%e6%9d%91,充水的腳．嚴重嗎？－談下肢水腫
__label__undefined,https://news.everydayhealth.com.tw/2015/10/21/15216-%e6%8a%97%e5%8e%9f%ef%bc%8c%e6%8a%97%e9%ab%94-%e5%90%b3%e5%9c%8b%e9%88%9e,抗原，抗體
__label__undefined,https://news.everydayhealth.com.tw/2015/10/20/16256-%e7%9d%a1%e5%80%8b%e6%8a%97%e8%80%81%e8%a6%ba-%e4%b8%81%e7%b6%ba%e6%96%87,睡個抗老覺
__label__undefined,https://news.everydayhealth.com.tw/2015/10/17/15490-%e5%92%8c%e6%87%b7%e5%ad%95%e5%a9%a6%e5%a5%b3%e8%ab%87%e5%b0%bf%ef%bc%8d%e8%ab%87%e6%87%b7%e5%ad%95%e6%9c%9f%e7%9a%84%e6%b3%8c%e5%b0%bf%e7%96%be%e7%97%85-%e9%99%b3%e6%98%8e%e6%9d%91,和懷孕婦女談尿－談懷孕期的泌尿疾病
__label__undefined,https://news.everydayhealth.com.tw/2015/10/16/16028-%e5%bc%95%e8%b5%b7%e9%81%8e%e6%95%8f%e7%9a%84%e9%81%8e%e6%95%8f%e5%8e%9f-%e9%99%b3%e6%b0%b8%e7%b6%ba,引起過敏的過敏原
__label__undefined,https://news.everydayhealth.com.tw/2015/10/14/15500-%e7%a7%8b%e5%86%ac%e4%ba%a4%e6%9b%bf%e6%99%82%ef%bc%8d%e6%b3%8c%e5%b0%bf%e7%a7%91%e6%9c%89%e9%82%a3%e4%ba%9b%e7%86%b1%e9%96%80%e7%96%be%e7%97%85-%e9%99%b3%e6%98%8e%e6%9d%91,秋冬交替時－泌尿科有那些熱門疾病
__label__undefined,https://news.everydayhealth.com.tw/2015/10/13/15968-%e5%86%ac%e5%ad%a3%e6%84%8f%e5%a4%96%e5%82%b7%e5%ae%b3%e9%a0%90%e9%98%b2%e8%88%87%e6%80%a5%e6%95%91-%e4%b8%81%e7%b6%ba%e6%96%87,冬季意外傷害預防與急救
__label__undefined,https://news.everydayhealth.com.tw/2015/10/12/16080-%e6%83%b1%e4%ba%ba%e7%9a%84%e8%84%82%e6%bc%8f%e6%80%a7%e7%9a%ae%e8%86%9a%e7%82%8e-%e8%94%a1%e9%95%b7%e7%a5%90,惱人的脂漏性皮膚炎
__label__undefined,https://news.everydayhealth.com.tw/2015/10/09/16255-%e9%bb%91%e5%a4%9c%e4%b8%8d%e9%80%80%e7%9a%84%e8%a4%aa%e9%bb%91%e6%bf%80%e7%b4%a0-%e4%b8%81%e7%b6%ba%e6%96%87,黑夜不退的褪黑激素
__label__undefined,https://news.everydayhealth.com.tw/2015/10/07/1745-%e5%a4%a9%e5%a4%a9%e5%a4%9a%e8%b5%b0%e8%b7%af%ef%bc%8c%e5%81%a5%e5%ba%b7%e6%9c%89%e4%bf%9d%e5%9b%ba,健康有保固！每周健走150分鐘，增強身體機能
__label__undefined,https://news.everydayhealth.com.tw/2015/10/06/15440-%e5%8f%af%e6%94%b9%e5%96%84%e8%b2%a7%e8%a1%80%e7%9a%84%e9%a3%9f%e7%89%a9-%e4%bd%95%e4%b8%80%e6%88%90,可改善貧血的食物
__label__undefined,https://news.everydayhealth.com.tw/2015/10/05/16182-%e5%81%a5%e5%ba%b7%e9%a3%9f%e5%93%81%e6%80%8e%e9%ba%bc%e9%81%b8%ef%bc%9f-%e4%b8%81%e7%b6%ba%e6%96%87,健康食品怎麼選？
__label__undefined,https://news.everydayhealth.com.tw/2015/10/04/15479-%e5%85%88%e5%a4%a9%e8%88%87%e5%be%8c%e5%a4%a9%e6%80%a7%e8%89%b2%e7%9b%b2-%e6%9e%97%e5%98%89%e7%90%86,先天與後天性色盲
__label__undefined,https://news.everydayhealth.com.tw/2015/10/03/703-%e5%a4%9a%e7%9d%a1%e4%b8%80%e9%bb%9e%ef%bc%8c%e6%ad%a2%e7%97%9b%e6%95%88%e6%9e%9c%e5%84%aa%e6%96%bc%e6%ad%a2%e7%97%9b%e8%97%a5,多睡一點，不吃止痛藥也能遠離疼痛！
__label__undefined,https://news.everydayhealth.com.tw/2015/09/29/16067-%e8%ab%87%e5%86%ac%e5%a4%a9%e9%a0%bb%e5%b0%bf-%e6%9e%97%e5%84%92%e5%bb%b7,談冬天頻尿
__label__undefined,https://news.everydayhealth.com.tw/2015/09/28/16289-%e9%a3%9f%e7%89%a9%e7%9b%b8%e5%bf%8c%ef%bc%8c%e7%9c%9f%e6%9c%89%e5%85%b6%e4%ba%8b%ef%bc%9f-%e5%ba%b7%e5%ae%8f%e9%8a%98-2,食物相忌，真有其事？
__label__undefined,https://news.everydayhealth.com.tw/2015/09/27/15834-%e8%a6%81%e8%bb%9f%e7%9a%84%e9%82%84%e6%98%af%e7%a1%ac%e7%9a%84-%e5%bb%96%e6%98%b6%e6%96%8c,要軟的還是硬的?
__label__undefined,https://news.everydayhealth.com.tw/2015/09/26/15879-%e8%85%b0%e9%85%b8%e8%83%8c%e7%97%9b%e5%92%8c%e6%b3%8c%e5%b0%bf%e7%b3%bb%e7%b5%b1%e6%9c%89%e9%97%9c%e5%97%8e-%e5%90%b3%e5%ad%a3%e5%a6%82,腰酸背痛和泌尿系統有關嗎?
__label__undefined,https://news.everydayhealth.com.tw/2015/09/25/16244-%e6%8a%97%e8%80%81%e7%9a%84%e5%a5%bd%e7%90%86%e3%80%8c%e6%b2%b9%e3%80%8d-%e4%b8%81%e7%b6%ba%e6%96%87,抗老的好理「油」
__label__undefined,https://news.everydayhealth.com.tw/2015/09/22/15551-%e4%ba%ba%e9%ab%94%e6%b0%b4%e5%ba%ab%e7%9a%84%e6%b0%b4%e9%87%8f%e8%aa%bf%e7%af%80%e8%a9%b2%e6%80%8e%e9%ba%bc%e7%ae%97-%e9%99%b3%e6%98%8e%e6%9d%91,人體水庫的水量調節該怎麼算
__label__undefined,https://news.everydayhealth.com.tw/2015/09/21/16100-%e4%bb%96%e6%98%af%e9%81%8e%e6%95%8f%ef%bc%8c%e4%b8%8d%e6%98%af%e9%81%8e%e5%8b%95%ef%bc%81-%e6%bd%98%e4%bf%8a%e4%bc%b8,他是過敏，不是過動！
__label__undefined,https://news.everydayhealth.com.tw/2015/09/20/15469-%e9%81%b8%e5%b0%8d%e9%81%8b%e5%8b%95%e6%89%8d%e8%83%bd%e6%94%b9%e5%96%84%e8%a1%80%e8%84%82-%e4%bd%95%e4%b8%80%e6%88%90,選對運動才能改善血脂
__label__undefined,https://news.everydayhealth.com.tw/2015/09/18/15331-%e9%8c%a2%e5%8c%85%e7%b8%ae%e6%b0%b4%e4%b8%8b%e7%9a%84%e7%be%8e%e7%99%bd%e5%9b%9e%e6%98%a5%e8%a1%93-%e8%94%a1%e9%95%b7%e7%a5%90,錢包縮水下的美白回春術
__label__undefined,https://news.everydayhealth.com.tw/2015/09/15/15456-%e5%92%96%e5%93%a9%e8%88%87%e5%81%a5%e5%ba%b7%e7%9a%84%e7%a7%91%e5%ad%b8%e7%a0%94%e7%a9%b6-%e4%bd%95%e4%b8%80%e6%88%90,咖哩與健康的科學研究
__label__undefined,https://news.everydayhealth.com.tw/2015/09/14/15438-%e5%bd%b1%e9%9f%bf%e6%83%85%e7%b7%92%e7%9a%84%e9%a3%9f%e7%89%a9-%e4%bd%95%e4%b8%80%e6%88%90,影響情緒的食物
__label__undefined,https://news.everydayhealth.com.tw/2015/09/13/15367-%e7%9c%bc%e7%9d%9b%e5%91%a8%e5%9c%8d%e7%9a%84%e9%81%95%e7%ab%a0%e5%bb%ba%e7%af%89-%e8%94%a1%e9%95%b7%e7%a5%90,眼睛周圍的違章建築
__label__undefined,https://news.everydayhealth.com.tw/2015/09/10/16349-%e9%8a%80%e9%ab%ae%e6%97%8f%e5%b8%b8%e8%a6%8b%e7%9a%84%e8%82%9d%e5%95%8f%e9%a1%8c-%e9%82%b1%e5%b1%95%e8%b3%a2,銀髮族常見的肝問題
__label__undefined,https://news.everydayhealth.com.tw/2015/09/09/16317-%e4%bb%a4%e4%ba%ba%e8%a6%96%e8%8c%ab%e8%8c%ab%e7%9a%84%e8%80%81%e8%8a%b1%e7%9c%bc-%e7%8e%8b%e5%8f%b8%e5%ae%8f-2,令人視茫茫的老花眼
__label__undefined,https://news.everydayhealth.com.tw/2015/09/07/15378-%e4%b8%8a%e7%8f%ad%e6%97%8f%e5%b8%b8%e8%a6%8b%e7%9a%84%e8%83%83%e8%85%b8%e6%af%9b%e7%97%85-%e7%8e%8b%e5%bf%97%e5%a0%82,上班族常見的胃腸毛病
__label__undefined,https://news.everydayhealth.com.tw/2015/09/05/15203-%e7%b3%96%e5%b0%bf%e7%97%85%e5%9c%a8%e5%85%a8%e7%90%83%e6%ad%a3%e5%a4%a7%e8%82%86%e6%93%b4%e5%bc%b5-%e6%b4%aa%e5%bb%ba%e5%be%b7,糖尿病在全球正大肆擴張
__label__undefined,https://news.everydayhealth.com.tw/2015/09/04/15485-%e5%a5%b3%e6%80%a7%e9%a0%bb%e5%b0%bf%e3%80%81%e5%a4%9c%e5%b0%bf%e3%80%81%e6%8e%92%e5%b0%bf%e5%9b%b0%e9%9b%a3%e7%9a%84%e5%8e%9f%e5%9b%a0-%e9%99%b3%e6%98%8e%e6%9d%91,女性頻尿、夜尿、排尿困難的原因
__label__undefined,https://news.everydayhealth.com.tw/2015/09/01/15785-%e7%9c%bc%e7%96%be%e8%88%87%e9%a0%ad%e7%97%9b-%e7%8e%8b%e5%8f%b8%e5%ae%8f,眼疾與頭痛
__label__undefined,https://news.everydayhealth.com.tw/2015/08/30/15318-%e9%aa%a8%e8%b3%aa%e7%96%8f%e9%ac%86%e8%88%87%e8%83%8c%e7%97%9b-%e9%99%b3%e7%9b%88%e8%92%94,骨質疏鬆與背痛
__label__undefined,https://news.everydayhealth.com.tw/2015/08/26/15473-%e5%a4%9a%e5%90%83%e8%94%ac%e8%8f%9c%e6%94%b9%e5%96%84%e9%81%8e%e6%95%8f%e9%ab%94%e8%b3%aa-%e4%bd%95%e4%b8%80%e6%88%90,多吃蔬菜改善過敏體質
__label__undefined,https://news.everydayhealth.com.tw/2015/08/25/16104-%e4%be%bf%e7%a7%98-%e8%83%a1%e7%85%92%e6%98%8e,便秘
__label__undefined,https://news.everydayhealth.com.tw/2015/08/24/16208-%e5%82%b7%e5%ae%b3%e8%82%9d%e8%87%9f%e7%9a%84%e8%a1%8c%e7%82%ba-%e4%bd%95%e4%b8%80%e6%88%90-2,傷害肝臟的行為
__label__undefined,https://news.everydayhealth.com.tw/2015/08/23/15290-%e7%94%a2%e5%89%8d%e6%86%82%e9%ac%b1%e7%97%87%e7%9a%84%e7%97%87%e7%8b%80%e8%88%87%e6%b2%bb%e7%99%82%e6%96%b9%e6%b3%95-%e6%b1%9f%e6%bc%a2%e5%85%89,產前憂鬱症的症狀與治療方法
__label__undefined,https://news.everydayhealth.com.tw/2015/08/19/16274-%e5%90%83%e4%bb%80%e9%ba%bc%ef%bc%9f%e5%8f%af%e4%bb%a5%e9%a0%90%e9%98%b2%e5%b0%bf%e8%b7%af%e7%b5%90%e7%9f%b3-%e6%b4%aa%e5%b3%bb%e6%be%a4-2,吃什麼？可以預防尿路結石
__label__undefined,https://news.everydayhealth.com.tw/2015/08/18/15781-%e4%b8%ad%e5%b9%b4%e4%ba%ba%e5%b8%b8%e8%a6%8b%e7%9a%84%e7%9c%bc%e7%96%be%e5%8f%8a%e9%a0%90%e9%98%b2%e4%bf%9d%e9%a4%8a%e4%b9%8b%e9%81%93-%e7%8e%8b%e5%8f%b8%e5%ae%8f,中年人常見的眼疾及預防保養之道
__label__undefined,https://news.everydayhealth.com.tw/2015/08/17/15996-%e5%af%a1%e9%86%a3%e6%94%b9%e5%96%84%e8%85%b8%e9%81%93%e7%94%9f%e6%85%8b%e7%92%b0%e5%a2%83-%e4%b8%81%e7%b6%ba%e6%96%87,寡醣改善腸道生態環境
__label__undefined,https://news.everydayhealth.com.tw/2015/08/16/16217-%e9%ab%98%e7%ba%96%e5%b0%91%e6%b2%b9-%e5%95%9f%e5%8b%95%e6%82%a8%e7%9a%84%e6%b8%9b%e8%82%a5%e5%9f%ba%e5%9b%a0-%e5%ba%b7%e5%ae%8f%e9%8a%98,高纖少油：啟動您的減肥基因
__label__undefined,https://news.everydayhealth.com.tw/2015/08/15/16240-%e5%a5%b3%e6%80%a7%e6%9b%b4%e5%b9%b4%e6%9c%9f%e8%87%aa%e7%84%b6%e7%99%82%e6%b3%95-%e4%b8%81%e7%b6%ba%e6%96%87,女性更年期自然療法
__label__undefined,https://news.everydayhealth.com.tw/2015/08/14/16288-%e4%ba%86%e8%a7%a3%e5%bf%83%e8%a1%80%e7%ae%a1-%e5%81%a5%e5%ba%b7%e3%80%8c%e5%bf%83%e3%80%8d%e7%94%9f%e6%b4%bb-%e5%bc%b5%e8%8c%82%e6%9d%be,了解心血管：健康「心」生活
__label__undefined,https://news.everydayhealth.com.tw/2015/08/11/17798-%e6%85%8e%e9%98%b2%e7%b4%b0%e8%8f%8c%e3%80%81%e9%bb%b4%e8%8f%8c%e6%84%9f%e6%9f%93%ef%bc%81%e6%b7%ba%e8%ab%87%e7%87%92%e7%87%99%e5%82%b7%e8%97%a5%e8%86%8f,慎防細菌、黴菌感染！淺談燒燙傷藥膏
__label__undefined,https://news.everydayhealth.com.tw/2015/08/09/15450-%e7%b3%96%e5%b0%bf%e7%97%85%e6%82%a3%e5%a6%82%e4%bd%95%e9%81%b8%e6%93%87%e8%94%ac%e8%8f%9c%e6%b0%b4%e6%9e%9c-%e4%bd%95%e4%b8%80%e6%88%90,糖尿病患如何選擇蔬菜水果
__label__undefined,https://news.everydayhealth.com.tw/2015/08/08/15995-%e9%81%8b%e5%8b%95%e5%8a%a0%e8%a3%9c%e9%88%a3%ef%bc%8c%e6%89%93%e9%80%a0%e5%bc%b7%e5%81%a5%e9%aa%a8%e9%aa%bc-%e4%b8%81%e7%b6%ba%e6%96%87,運動加補鈣，打造強健骨骼
__label__undefined,https://news.everydayhealth.com.tw/2015/08/07/15437-%e5%b0%8d%e9%97%9c%e7%af%80%e6%9c%89%e7%9b%8a%e7%9a%84%e9%a3%9f%e7%89%a9-%e4%bd%95%e4%b8%80%e6%88%90,對關節有益的食物
__label__undefined,https://news.everydayhealth.com.tw/2015/08/06/1915-%e4%b8%ad%e9%a2%a8%e6%82%a3%e8%80%85%e5%b9%b4%e9%bd%a1%e5%b1%a4%e4%b8%8b%e6%bb%91%ef%bc%9f-%e5%b9%b4%e8%bc%95%e6%97%8f%e7%be%a4%e4%b9%9f%e8%a6%81%e9%a0%90%e9%98%b2%e4%b8%ad%e9%a2%a8%ef%bc%81,中風患者年齡層下滑！4招預防中風找上門
__label__undefined,https://news.everydayhealth.com.tw/2015/08/05/1216-%e7%95%aa%e8%8c%84%e7%b4%85%e7%b4%a0%e8%83%bd%e9%99%8d%e4%bd%8e%e8%85%a6%e4%b8%ad%e9%a2%a8%e7%9a%84%e9%a2%a8%e9%9a%aa,番茄紅素降低55％罹患腦中風機率！這樣吃效果最好
